0,1,2,3,4,5,6,7,8,9,10,11,12,13,14,15,16,17,18,19,20,21,22,23,24,25,26,27,28,29,label
0.0042530894,-0.0025231335,-0.0008326471,-0.0035027415,-0.001437353,-0.00010520965,-0.0012277812,-0.00044565648,0.0037925541,-0.0037605357,0.0025771111,0.009115182,0.0021384656,-0.0018391237,0.0037679449,-0.004503671,0.0002412796,0.0011720955,-0.0009940728,0.0009511858,0.0018078722,0.0019977018,-0.0042882636,-0.0018266365,-0.008712135,-0.0025141537,0.0053202063,0.0033241883,-0.0035868362,0.0067837723,MFB
0.00218039,-0.00034809858,-3.6153942e-05,-0.00200741,0.0002510436,-0.0013152063,-0.0019769222,-2.9213727e-05,0.0020643845,-0.002831784,-0.00075799227,0.0057575107,0.0006392151,-0.002797611,0.0013916865,-0.003020011,0.00079500675,0.00023213774,0.0021556676,0.0019584596,0.00127366,0.0012463629,-0.0046183504,-0.0016003139,-0.00481613,-0.0005203858,0.0049391836,-0.002371341,-0.0033816714,0.0016632974,MFB
0.0043721646,-0.0006607184,-0.0002341792,-0.0016960502,0.0005045254,-0.00030577183,0.0006918907,-0.001979664,0.0027947947,-0.0026759896,-0.0010798201,0.008214265,0.0014111996,0.00087926537,0.0045570955,-0.002872292,-0.00030255318,-0.00074630976,-0.002455419,-0.0003619343,0.0023413356,0.0032253042,-0.005872749,-0.0036039352,-0.010693684,-0.0031371638,0.006383233,0.007956162,-0.005185947,0.009899329,PkC_cs
-0.0011435673,0.0021550208,-0.00023990497,-0.002461031,0.00041069277,0.0008111149,0.0009135455,-0.0036235824,-0.0022042766,-0.0011275597,-0.0019070655,0.0014853403,-0.00047636032,-0.0022669956,-0.0011072308,0.0025728233,0.0030063987,-0.00060849264,0.003082739,0.002070129,0.0010726508,0.0020294562,-0.00040545687,0.002326522,0.0022836104,0.0021402165,0.003483452,-0.009598866,-0.0044644363,-0.0019250959,MLI
0.0005773604,-0.0010911608,-0.00055617094,-0.00012378395,0.0013333876,0.0002854243,0.0017554015,0.0006066784,0.00036143512,-0.00072425697,-0.0014217645,-0.00030661374,-0.0013072044,-0.00073742867,-0.0008944869,-0.0006061122,0.0010179728,-0.0022607073,0.002240106,0.00216005,0.0014160722,0.0014894456,-0.0011828952,0.00055621564,-0.0040083006,-0.001571551,0.0030212104,-0.0010007173,-0.0033745803,0.003356699,PkC_ss
0.00227689,0.004896931,-0.00899186,-0.003493011,0.0021567512,-0.0039464682,0.0068999827,-0.004711576,0.01057037,0.0013718754,-0.005006954,0.0060412586,0.000111445785,-0.010339089,-0.0034538954,-0.012501266,0.001167953,-0.0011061579,-0.0035098009,-0.0017507821,-0.002906382,0.009429477,-0.013538733,-0.011002094,-0.0135965645,-0.005640812,0.012757525,0.010144904,-0.011556219,0.0111072585,PkC_cs
-0.0018666089,-0.00025834516,-0.0011131577,0.00031408668,0.00039833225,0.002144806,0.003235951,0.003986016,0.0004003197,-0.00124628,0.0006196946,-0.00039617717,-0.0041487813,0.0049564764,-0.00069161505,-0.0032833032,-0.0015467256,-0.00013764948,0.000785497,-0.0017202683,0.0038737021,0.00034395605,0.000698369,0.0011668429,-0.00776729,0.0018455535,0.0012384355,0.008448511,0.0011001267,0.008553889,MFB
0.0073306784,-0.0011183834,-0.0077631064,-0.0094477385,-0.00248159,-0.0040206537,-0.003626883,-0.008811906,0.0004969239,-0.012106863,0.00944072,0.0050626695,0.0056773573,-0.00015804172,-0.00086889416,-0.0071669854,0.00050090253,-0.001602158,-0.00027103163,-0.0065117963,0.0020537097,0.0028724968,-0.0011731461,0.003938362,-0.0067497566,-0.008917674,0.007995836,0.004239641,-0.0032970477,0.0059585944,MFB
0.00339593,-0.002352058,-0.00027811155,-0.0020860583,-0.000794068,0.0007929504,0.00048658252,0.0013534278,0.0025316253,-0.0027069692,-0.000248909,0.006805949,0.0005507618,0.00033785403,0.0041442886,-0.004241001,-0.00030946732,0.0012144446,-0.0011754907,0.0006459132,0.0020462591,0.0016528815,-0.002849277,-0.0013091937,-0.009312786,-0.002767384,0.0035830438,0.006117016,-0.0031104255,0.008756131,MFB
0.004311204,-0.0018359739,-0.005361866,-0.0069958866,-0.0024964726,-0.004566662,-0.000465855,-0.010061398,0.0002597496,-0.008782035,0.008836724,0.003392443,0.0045962185,-0.0016635954,-0.0023848638,-0.0027922876,-0.00030490756,-0.001343064,0.0039522834,-0.0040953867,0.0028859396,0.004999578,0.0005126633,0.004517205,-0.00060416013,-0.002572827,0.008566074,-0.0026934743,-0.00089927204,-0.00019259751,MFB
0.001688093,0.01151022,-0.0028593726,-0.007946238,0.0010057557,-0.0036698878,0.0022535026,-0.0036830306,-0.0018715113,-0.0061084195,-0.0005137697,0.007322088,0.012091696,0.0015397444,-1.526624e-05,-0.0056621395,-0.001663819,-0.00077601895,-0.0021839663,-0.012404785,-0.0007015709,-0.00030835718,-0.0070952643,-0.0037950873,-0.0057357773,-0.0036912933,0.004827276,0.011930674,-0.011490401,0.010184612,MFB
-0.0034082234,0.00038396195,-0.00071464106,-0.00033973157,0.0018024668,0.003000304,0.005019143,0.000116728246,-0.002312772,0.0016615847,-0.00459826,-0.007063262,-0.006373644,0.0036227405,-0.0036054328,0.0015604161,0.0010176897,-0.003087256,0.00445538,0.0007387921,0.0018491726,0.00016321987,0.0016962476,0.0046198256,-0.0016211644,0.0012286827,0.0031257123,-0.0013772771,-0.0019575562,0.0025599524,PkC_ss
-0.0043706894,0.0056395307,-0.00082755834,-0.0029340833,0.0020357966,0.0030621886,0.0007519275,-0.0011396706,-0.0022244677,0.0025703087,-0.002954021,-0.0032889917,-0.0056085438,0.0041321293,-0.0036710426,0.0020605475,0.0019306093,-0.00063352287,0.00088550756,-0.001368586,0.002613606,0.001408413,0.0019638427,0.004462067,-0.00025227666,0.006381333,0.0023271218,-0.00300394,0.00038086437,0.0016829073,PkC_ss
2.0578504e-05,-0.0022639558,-0.0013635345,-0.0003978014,0.0006859936,0.00047589093,0.0020179749,0.0002265647,0.0018427446,-0.00075323414,-0.0012501478,-0.00039348006,-0.001864627,-1.4670193e-05,-0.0010805428,-0.0008616075,0.0016507357,-0.0011890307,0.0027710418,0.0014439598,0.0014002286,0.00119026,-0.0017463528,0.0011224225,-0.0050019994,-0.001394093,0.0033581257,0.00047776848,-0.0036035255,0.003909789,PkC_ss
0.0034939125,-0.0013664886,0.0008790828,-0.0009885132,0.0010086689,7.610768e-05,0.0015051812,-0.0002709478,0.0025054216,-0.0012649838,-0.0017416924,0.007039137,0.00024735928,0.0016940311,0.0054832175,-0.003441479,-0.0020421594,-0.0021072924,-0.0023481334,0.0005461499,0.00065844133,0.0026855618,-0.004844621,-0.0043262243,-0.009957522,-0.0037668496,0.0057687685,0.007951193,-0.0051993392,0.008342031,PkC_cs
0.008291714,0.0020253658,-0.007927254,-0.011574939,-0.0010118168,-0.005223155,-0.004553944,-0.0086675435,0.0001437068,-0.011404783,0.00718008,0.005361706,0.008525297,-0.00080474466,-0.0030057803,-0.007450003,0.0025341362,-0.0019587986,-0.0010285284,-0.008690726,0.0012224652,0.0022499412,-0.0031874627,0.003658291,-0.007485464,-0.009497955,0.007368766,0.0046216995,-0.0046766363,0.007629495,MFB
0.0048258603,-0.00027623493,-0.00030294433,-0.0024390966,0.00070768036,-0.0008029491,2.117455e-05,-0.0023361892,0.0028595254,-0.0029261224,-0.0016834438,0.009192206,0.002259329,4.1499734e-05,0.0046513006,-0.0038200952,1.5482306e-05,-0.0005260259,-0.0031073876,-0.00054069236,0.0023826696,0.003261596,-0.006592769,-0.0035854802,-0.010326214,-0.0037632585,0.006994866,0.007688701,-0.005549021,0.009923149,PkC_cs
0.0022868589,-0.0012368811,0.0008203238,-0.00057275593,0.00048356503,0.00015746057,0.0013063848,-0.0013403222,0.002463527,-0.0010381322,-2.900511e-05,0.006180547,0.00027386844,0.002527684,0.0044419244,-0.0027334876,-0.0007901192,-0.0027457997,-0.0018723579,0.0002803579,0.0009855032,0.001913175,-0.0046849623,-0.0037198626,-0.009153366,-0.003155388,0.0051418543,0.0059061646,-0.0060942825,0.006941527,PkC_cs
0.00065782666,0.0010937657,-0.0005037114,-0.0029432327,0.00047556497,0.00021555275,0.0001770854,-0.003229186,-2.4333596e-05,-0.0018512895,-0.00071182847,0.0024374723,-0.00045756996,-0.0016350746,-0.0003029108,0.00028774887,0.0016809851,-0.0014871135,0.0020378553,0.0017405525,9.415299e-05,0.0020210892,-0.0022679232,0.00066797435,-0.0027003065,-0.0008337945,0.0054937676,-0.004339263,-0.0054608937,0.00060570985,MLI
-0.0008720979,0.002168361,-0.00034800172,-0.002022013,0.00017137825,-0.000534229,0.0015178621,-0.0033549145,-0.0020037591,-0.00036123954,-0.0014758036,0.0024510175,0.00048953295,-0.0030727983,-0.0017526746,0.001703646,0.0037618726,-0.000195425,0.0026618808,0.001312919,0.0012701508,0.0023291335,-0.00092147663,0.0013622977,0.0018167645,0.0021495,0.0035762787,-0.008543134,-0.005061073,-0.00013557822,MLI
-0.0013042986,0.0013118125,-0.0006291829,-0.002387479,9.1630965e-05,0.0007858351,0.0012943447,-0.003916979,-0.002022095,-0.00091806706,-0.0013998672,0.00066809356,-0.0004080087,-0.0025259107,-0.0021464229,0.002806425,0.004255533,-0.0005226992,0.0034643614,0.0022146106,0.0017600972,0.0021933317,6.9689006e-05,0.0030503757,0.0024904087,0.0025507733,0.0027753487,-0.010835253,-0.0042103995,-0.0016233847,MLI
-0.0028619915,0.0018565916,-0.010579195,-0.005519077,0.0032130443,0.0054165497,-0.00340572,0.0077875406,-0.0021061972,-0.0017411895,-0.0014380068,-0.008410938,-0.0066203177,-0.006913662,-0.0048743635,0.0030460693,0.0028105378,0.005869575,0.009318961,-0.00093640387,-0.0005969014,-0.0035654157,0.004734434,0.0055236705,0.010004647,0.014936797,-0.0070550963,-0.021883659,0.011214802,-0.0070245713,MLI
0.0075618178,0.00061851274,-0.007482484,-0.010376573,-0.0017839083,-0.0066292062,-0.0051525384,-0.009758346,-0.0014123991,-0.008411749,0.0071556494,0.0026675984,0.005025953,-0.004284188,-0.005196862,-0.005077496,0.0045181513,-0.00022664666,0.00019038003,-0.0048810057,0.0036551766,0.0027724653,0.00012333691,0.006364029,8.34167e-05,-0.0055297315,0.00618504,-0.0063301027,0.00019359775,0.0018467754,MLI
0.0035233572,0.00026889518,-0.0057553425,-0.008211732,-0.0023131892,-0.0059006736,-0.0022612512,-0.008915201,-0.000666067,-0.0056356546,0.00668177,-0.0010049194,0.0019028336,-0.0052984506,-0.005103193,-0.0030135922,0.0011765808,-0.0011840984,0.0035631342,-0.0021489337,0.0025272574,0.004516609,0.0015558638,0.0059091486,0.0034007803,-0.0005087182,0.0061153024,-0.010040887,0.0022861827,-0.0044657066,PkC_ss
-0.0067819655,-0.0011745486,-0.0046973974,-0.0002412647,0.0019190051,0.0026853308,0.0007433742,0.006061919,0.0005745366,0.00092873164,-0.0024839565,-0.009300888,-0.008514404,0.0017441586,-0.0060632676,-0.0028263368,0.0027747303,0.0009066649,0.0030103803,0.000388816,0.005460473,-0.00033736974,0.003422711,0.005875267,-0.0021190047,0.0066412985,-0.0036424473,-0.0012142658,0.0059736567,0.0018208772,PkC_ss
-0.00045366585,-0.0017794063,-0.0019312948,-0.0009523332,0.00096177123,0.0006097406,0.001965478,-0.00015861541,0.0009995103,-0.0005115643,-0.0013316646,-0.0017988309,-0.0019000173,0.00047115982,-0.0023414344,-0.0008148812,0.0017735809,-0.0017357282,0.0026340603,0.00078214705,0.0018816218,0.0011580288,-0.0010164827,0.002556581,-0.0048590526,-0.001070112,0.003365606,0.00045856833,-0.0028589964,0.0048891082,PkC_ss
0.00019231439,0.00071380567,-0.00031552836,-0.0011105984,0.0004387051,0.0025440454,0.0046963543,0.00025761127,0.00068768114,0.000302827,-0.0006936267,0.0016449764,-0.0019575953,0.0049303696,0.0005181581,-0.0009237826,-0.0009906292,-0.0013946742,-0.00018881448,-0.0020967312,0.0020944066,0.0014531091,-0.0005841702,0.0009988546,-0.0069020465,-0.00028425455,0.003907539,0.007549539,-0.0028491188,0.008598156,MFB
0.0005680248,-0.0013780715,-0.0010553971,0.00021979213,0.0017412063,0.0001359582,0.0014207214,0.0009068027,0.0016256645,-0.0005125385,-0.0011351258,0.00042110682,-0.00081810355,-0.0002341643,-0.0006074235,-0.0013987534,0.00085285306,-0.0021523423,0.0015282026,0.0013420358,0.001532549,0.0013881177,-0.0016080067,0.00032373518,-0.004665084,-0.0018596575,0.0031040013,0.0010940656,-0.0033788234,0.004194919,PkC_ss
0.0011574253,-0.0008171126,-0.0018084385,-0.0010564327,0.0011158995,-0.000842832,0.000800997,-0.00051959604,0.0018425956,-0.0016020946,-0.00018416345,0.0020121112,0.0006019771,-0.00060201436,-0.0010913387,-0.0019344464,0.0012584776,-0.0015437528,0.0011585155,4.9866736e-05,0.0015372969,0.001912497,-0.00277536,0.00039561465,-0.006056614,-0.0021259785,0.0043993667,0.0025464222,-0.003984088,0.005617164,PkC_ss
0.00042999536,-0.00134754,-0.0015084706,-0.00019416213,0.0014868695,-0.0001783967,0.001628533,0.00012914091,0.0017310679,-0.000801472,-0.0010638312,0.00047574192,-0.0005477518,-0.00037763268,-0.0012114346,-0.0012899414,0.0015679896,-0.0018589571,0.0017594188,0.00085519254,0.0016471501,0.0016726181,-0.0020736828,0.00049429014,-0.00505767,-0.0018385276,0.0035691261,0.00142847,-0.003937809,0.0046941787,PkC_ss
0.0050258785,-0.0019299453,-0.0011464097,-0.0033248514,-0.0004845932,-0.00040099025,-0.0010401458,-0.0006073564,0.0031756386,-0.0045853755,-0.0006050244,0.008213021,0.00052802265,0.0006398633,0.0046041384,-0.005438134,4.953146e-05,0.002183739,-0.0024820035,-0.00064985827,0.0022933427,0.0029062852,-0.00455682,-0.002282638,-0.011781193,-0.0034188703,0.0045619234,0.008166477,-0.0024247281,0.010934107,PkC_cs
0.0036221296,-0.0011275979,0.00042345375,-0.0006466061,0.0007041637,-0.0008324161,0.0014003068,5.9120357e-05,0.0029116943,-0.0019802134,-0.0016807467,0.006565191,0.0003503114,0.0007363185,0.0045447126,-0.0034639165,-0.0010186434,-0.00073897094,-0.0019619772,1.9326806e-05,0.0019292627,0.002635695,-0.004970841,-0.0038083121,-0.0099061355,-0.0026309043,0.004186332,0.008354984,-0.003216274,0.009425275,PkC_cs
0.0023467392,-0.0006223647,0.00064440444,0.00038814545,0.0014825519,-0.00010289997,0.0015280545,-2.4795532e-05,0.0017155558,-0.0004792055,-0.0013575032,0.004616685,-0.00034421682,0.0023427978,0.0038371235,-0.0034190007,-0.0015824586,-0.0031101182,-0.002486106,0.00018017739,0.0016995836,0.002565734,-0.0040408447,-0.004265148,-0.008962557,-0.0025906786,0.0044981763,0.0068066195,-0.0043936092,0.0079704225,PkC_cs
0.0031585395,-0.00075425394,0.00018856302,-0.0013077259,0.0006359685,0.00045301765,-0.00077083707,-3.736466e-05,0.0022000596,-0.003510708,-0.00069765747,0.008001104,0.0011766851,0.0013869181,0.0050517097,-0.0044561103,-0.00081038475,0.0001806952,-0.003621038,-0.00024282932,0.0026597418,0.003044188,-0.0051295646,-0.0044648983,-0.010068208,-0.0026573837,0.004658304,0.008147426,-0.0040991493,0.009796318,PkC_cs
0.0014117584,-0.0005549211,-0.0012123398,-0.0017032176,0.00015221722,1.6972423e-05,0.0011511892,-0.00011148304,0.002164632,-0.002008495,0.00038198382,0.0042062104,0.0006003827,-0.0011673123,0.000116452575,-0.0030833632,0.0005379766,-0.001751855,0.0013764282,0.00042167306,0.0011851322,0.002005376,-0.00319916,-0.00060133636,-0.0063353926,-0.001849018,0.0046976507,0.00094904006,-0.0051782355,0.0043542422,MFB
0.007879138,0.00320315,-0.005790554,-0.010026395,-0.0008596685,-0.00493823,-0.0038325489,-0.006896876,-0.0005174279,-0.010449111,0.0057388693,0.00548885,0.008862525,0.0007332936,-0.0019900128,-0.007360302,0.0012669861,-0.0026152357,-0.0011064899,-0.00858444,0.0009732656,0.0013676658,-0.0035977364,0.002534695,-0.007946096,-0.009776764,0.0066275597,0.0061062723,-0.005884774,0.008261155,MFB
0.0041321293,-0.0014398359,-0.0043218285,-0.005288318,-0.002777624,-0.0049227774,-0.00015515089,-0.009525567,-0.00028820336,-0.008371829,0.008824691,0.0022485256,0.004572019,-0.001550883,-0.0031056032,-0.002341587,-0.0012011528,-0.0020307563,0.0043678065,-0.0036599003,0.0036256406,0.0058274046,0.0014449358,0.0052734166,0.00068189204,-0.0024359822,0.00759805,-0.0037746802,-3.8414262e-05,-0.0010381639,MFB
0.0067553744,0.0062461314,-0.0059872083,-0.009587437,0.0010040943,-0.0059965774,-0.0034009218,-0.004664056,-0.0005904585,-0.00833507,0.0026966035,0.004058987,0.010817379,-0.0003356561,-0.0042713955,-0.008162886,0.0014070272,-0.0038598254,-0.00117754,-0.0095357895,0.0005230829,0.00096621364,-0.005026765,0.0018863901,-0.0077865496,-0.00921157,0.005543247,0.0065898523,-0.0069509186,0.008277651,MFB
0.0073962957,0.0022367658,-0.0052628927,-0.00915885,-0.0016432265,-0.0041701943,-0.0045782477,-0.007833786,-0.0020702109,-0.010045564,0.0061850473,0.0037071854,0.0054580867,0.00079307705,-0.0017074868,-0.006218314,0.0009203106,-0.0024835132,-0.0005612257,-0.006161105,0.0016217884,0.0010707676,-0.0006930493,0.004837554,-0.004693389,-0.009785257,0.006748304,0.0011824667,-0.0045773387,0.004657626,MFB
0.0034686178,-0.0012180088,-0.0009871721,-0.0016632825,-5.6028366e-06,-0.0010338873,-0.0012551546,0.0006390363,0.0034166127,-0.0029628454,0.0005129501,0.0074047,0.002372846,-0.0023229048,0.0018113479,-0.004676655,0.0011431128,0.0002756603,-0.0006029266,0.0007792786,0.0029958729,0.0020820126,-0.004166782,-0.0010061264,-0.0069038123,-0.00243517,0.00402499,0.002317153,-0.0033047423,0.005673602,MFB
0.004958831,0.008471305,-0.00507256,-0.009004429,0.001479378,-0.00493969,-0.0018877685,-0.0039172173,0.00025984645,-0.0065426477,0.0015164614,0.005778201,0.011350498,0.00073527545,-0.0031767413,-0.0073082075,0.0007625073,-0.0029487424,-0.0018595997,-0.011017449,0.00051869825,0.0007728115,-0.005956782,6.446242e-05,-0.0071235597,-0.0062370673,0.004495874,0.008059107,-0.007809693,0.008779891,MFB
-0.0017332882,-0.0010213107,-0.0021856576,-0.0013818145,0.0013929177,0.0017065927,0.0017492324,3.1366944e-05,0.00015298277,4.450418e-05,-0.0020376071,-0.004069358,-0.00372836,0.0010378286,-0.0028459355,-0.00021497905,0.0015459955,-0.0023844168,0.0031237537,0.00090277195,0.0013560355,0.00079949945,-0.00028376654,0.0031835437,-0.0035945252,0.00010351837,0.0032476187,-0.0011472031,-0.002073802,0.0033704862,PkC_ss
0.0017490834,-0.00064810365,-0.001109343,-0.0016572773,0.00040924922,0.000304237,0.0006289482,-5.7943165e-05,0.0014310032,-0.0022647176,-2.578646e-05,0.003130421,0.00012664497,0.00035721064,0.000108897686,-0.0021480024,0.0006288588,-0.0013740733,0.0011535087,0.00011972338,0.0010885876,0.0013378263,-0.0028016418,0.00023495406,-0.0072206855,-0.0022750944,0.004321933,0.0026108474,-0.00417885,0.0059861764,PkC_ss
-0.0021789744,0.00053021405,-0.00086793303,-0.0013817549,9.839609e-05,0.001101084,0.002926141,-0.0030471385,-0.0029699206,-2.1476299e-05,-0.002389878,-0.0019132271,-0.0013296604,-0.0023327023,-0.0033567846,0.003561277,0.0041382164,-0.00027346984,0.004413276,0.0022257864,0.0024196096,0.001814194,0.0010407567,0.0040848553,0.003821373,0.0030988976,0.0023386478,-0.010641597,-0.0031689722,-0.0008887425,PkC_ss
-0.001810126,0.006012505,-0.00797601,-0.006279841,0.0022446122,0.00029400736,-0.0041412115,0.0048833564,-0.0019314662,0.00076557696,-0.0022970587,-0.0038397387,-0.0045921206,-0.007006228,-0.0039702132,0.000247173,-0.00035604835,0.006305199,0.0059002307,-0.0028902292,-0.0026618727,-0.00094854087,0.0018591397,0.0024286285,0.010371588,0.013009101,-0.0034134537,-0.01834894,0.009753978,-0.00798782,PkC_ss
0.002058357,-0.0015576109,-0.0041957796,-0.009360388,-0.0016805334,-0.0004338324,0.00020460784,-0.006183684,-0.0019589588,-0.0040029087,0.0010519847,-0.0032873899,-0.0021997541,-0.006054431,-0.0019019544,0.00072241947,0.0013127625,0.00027007982,0.0062529463,0.00085731596,0.0014595967,0.0053584054,0.006071169,0.00784336,0.0072498545,0.0027734712,0.0023797527,-0.015010498,0.0047057383,-0.008478895,PkC_ss
-0.00049707294,0.00013369694,-0.0007985942,-0.0013213605,0.0006689634,0.00042426586,0.002771899,-0.0018843412,-0.0013836771,-0.000495784,-0.0018300265,-0.00093557686,-0.0014097691,-0.0012575686,-0.0024023056,0.0012361631,0.0021748245,-0.0018712282,0.0034313006,0.0020413026,0.0012567434,0.002163224,-0.0004713796,0.0020008497,-0.001930885,-0.0001750961,0.003951259,-0.0043816417,-0.004279224,0.0021478236,PkC_ss
-0.0012149066,0.0004502684,-0.0025086217,-0.011102632,-0.0014802814,-0.004117638,-0.007385716,-0.00056067854,-7.376075e-07,-0.004001728,-0.0007824749,0.0024383366,-0.0054534376,-0.007608421,0.0017783791,-0.005045835,0.0020282269,0.007829204,0.007930788,-8.27983e-05,-0.0024319496,0.004988216,0.0025827587,-0.0008434877,-0.00045033544,0.010938838,0.0016204417,-0.009536728,0.008775398,-0.004852183,PkC_ss
0.0076529607,0.004039049,-0.0057066716,-0.009486407,-0.000114431605,-0.005378768,-0.0030210465,-0.0056485087,-0.0007967651,-0.010643483,0.0047823563,0.005326867,0.011184573,0.00081276894,-0.002729036,-0.007545188,0.000715971,-0.0033441484,-0.00087005226,-0.00943508,0.0010606572,0.0018306375,-0.0043807067,0.0018853508,-0.009371147,-0.0095770955,0.006093763,0.008476049,-0.006438408,0.009991057,MFB
-0.00015169382,-0.0009780889,-0.002175551,-0.00829564,-0.0007333644,-0.0003964752,-0.0007379651,-0.0015323237,-0.0036801323,-0.0026213834,-0.0037371442,-0.0037377179,-0.0051760525,-0.006935738,4.6513975e-05,-0.00023938343,0.0012931228,0.0031773858,0.007977261,0.0029443577,0.00068045966,0.0041560903,0.0073209256,0.0056427717,0.0068985075,0.006205745,-0.00019730628,-0.015837803,0.0064294348,-0.008810781,PkC_ss
-0.00795307,-0.040867753,0.0017448924,-0.042660855,-0.018139886,-0.014706902,-0.005125344,-0.050330535,0.007866524,-0.06518303,0.026612364,0.0073251277,0.030836254,-0.032212544,-0.0020779148,-0.019562423,0.031347632,-0.040343225,0.050465945,-0.0026457272,0.0022416525,0.05589988,-0.00909544,0.0026746094,-0.015178926,-0.010440849,0.014359463,-0.032630958,-0.022102758,-0.0006428808,PkC_cs
-0.0061023906,0.004878212,0.0032608286,0.0022227913,-0.003472074,-0.0031308234,-0.0030430406,-0.013821319,-0.0028939247,-0.009690359,-0.002326496,-0.0065835416,0.0041050464,-0.004057236,-0.002641432,-0.0068692043,-0.004202932,-0.016471028,0.009684686,0.008491382,0.009783987,0.0031188726,-0.010536555,0.002747763,0.008722819,0.0035729855,0.009451702,-0.012257308,0.011223652,-0.014561132,PkC_cs
-0.011817858,-0.011982605,0.0068205893,-0.009998158,-0.008498611,-0.0144455135,-0.0030250251,-0.017975189,0.0033510402,-0.010121051,0.004672423,-0.0009944588,0.009415537,-0.015183605,-0.007216528,-0.014999606,0.010586143,-0.012272812,0.008889998,0.009432077,0.0067958087,0.02043569,-0.0085089095,0.0014347062,0.0044556335,-0.009055793,0.0105045885,-0.01006861,-0.004617447,-0.0074033216,PkC_cs
-8.787215e-05,-0.0008914145,-0.005565524,-0.002760291,-0.0017539505,-0.009539433,-0.0033788383,-0.008724466,-0.00027454644,-0.001377468,0.0023649037,0.0074307173,0.00992848,-0.014239214,-0.010482274,-0.0058977157,0.0061164945,0.0033976994,-0.011896352,0.013265036,0.01257369,0.0095928535,-0.0049456805,0.0035234615,-0.0007516071,-0.0093521625,0.007032551,-0.0070290565,-0.004130792,-0.002274856,PkC_cs
-0.0007428974,3.746245e-05,0.0011845976,-0.0005327463,0.0011118315,0.0014729053,0.0041621476,4.724413e-05,-0.00014342368,-9.948574e-05,-0.0055132657,-0.00032634288,-0.0033642054,0.005948052,0.001837559,-0.0016457848,-0.0022413284,0.00059910864,-0.0005504051,-0.0023296624,0.0015334506,0.0011578351,-0.0021079667,0.00046004355,-0.0046696737,0.0003696829,0.0031992495,0.008325703,0.000111036,0.0071675703,PkC_cs
-0.0016872361,0.00013432652,-0.0014344342,-0.003984213,-0.0012782244,-0.009030372,-0.005798131,-0.008478329,0.0019395947,-0.0007438045,0.001825057,0.006964065,0.010257527,-0.013667129,-0.009816475,-0.009371992,0.0029035956,-0.0013631694,-0.007989576,0.0139398575,0.010253973,0.009944849,-0.008397626,0.0022957176,0.0018133894,-0.010431558,0.0102826655,-0.009666257,-0.0026298594,-0.0033557639,PkC_cs
-0.0036533475,0.0035020476,0.0029371195,0.004919037,-0.00053417496,-0.00018630922,0.00322102,0.00077492744,-0.005962953,-7.765368e-06,-0.005540952,-0.007473357,0.0007544607,-0.0011103451,-0.002197206,0.0010173395,-0.0076845437,-0.007776402,0.0018371767,0.0077197477,0.0049568284,-0.0047950223,-0.0049721077,0.0010284446,0.004981026,0.00074803084,0.00044712424,-0.0029308796,0.0065811193,-0.00805755,PkC_cs
-0.019931905,-0.013233455,0.015536487,-0.007813454,-0.014330628,-0.017687716,0.0024112314,-0.01415097,0.007439375,0.00311004,-0.0013060048,-0.009183124,0.0012713224,-0.01814945,-0.0028052554,-0.0156473,0.0016638339,-0.008475885,0.012121113,0.020015068,0.007070331,0.011647627,-0.016856726,-0.0010157153,0.013536155,-0.0060263798,0.016968556,-0.004550174,0.0058744512,-0.01246424,PkC_cs
-0.0027380213,-0.000736909,-0.0015779361,-0.00022357702,0.0017901454,0.0025734827,0.0031302571,0.00083987415,-0.0012221783,0.00023906212,-0.0035094246,-0.0060639977,-0.0052950084,0.0022950247,-0.0029966235,-5.5357814e-05,0.0011088103,-0.0032919273,0.00407016,0.0007789284,0.0011754781,0.00024015456,0.0008162372,0.0037274808,-0.0026307628,-0.00034493953,0.002974525,-0.0010982752,-0.0028402656,0.0024771541,PkC_ss
0.0046358034,-0.0028032847,-0.006049026,-0.007585287,-0.0028422866,-0.0048783496,0.0010220557,-0.010459825,0.0013067648,-0.0088455435,0.008630611,0.0023867488,0.0050757825,-0.0031689703,-0.0032914206,-0.0025193915,0.00011116266,-0.00092442334,0.0048879064,-0.0048192367,0.0026723146,0.0069735274,0.0012343749,0.0057953633,0.0007934347,-0.0017997697,0.0072163194,-0.003253825,0.0012816293,-0.0012917817,MFB
-0.005060248,0.0013272548,-0.00084703416,-0.00027626753,0.0020235758,0.004367724,0.003488645,0.0026398152,-0.0024488643,0.0027782265,-0.0044597387,-0.00843785,-0.009023249,0.0058123544,-0.0031051338,0.0007010624,-0.0007277876,-0.0027197711,0.0027516857,0.00034875423,0.003120752,-0.0002310276,0.0032000206,0.00521867,-0.002235949,0.0036774352,0.0014037564,0.0007857159,0.0018220535,0.003462471,PkC_ss
-0.0013435706,0.00084136426,-0.0013573058,-0.00923118,-0.00059050135,-0.0013339892,-0.0037427247,0.00011263788,-0.0031172633,-0.001707132,-0.0045729727,-0.0023359433,-0.006602466,-0.007701747,0.00096289814,-0.001628343,0.0017449111,0.00496928,0.008156737,0.0026968494,-0.0012752526,0.0044246763,0.006437227,0.0028638616,0.0051025525,0.00911779,-0.000650987,-0.015500084,0.007326624,-0.008699484,PkC_ss
0.0012681782,-0.0009907996,-0.0015990585,-0.00025832653,0.0016194694,-9.652972e-05,0.0012103617,0.0003084913,0.0013073161,-0.001168943,-0.0004396364,0.0015399233,-3.1769276e-05,-0.0004523024,-0.0009300336,-0.0013356358,0.00047032535,-0.0019530207,0.0013891025,0.0010681376,0.0011231806,0.001945585,-0.002209764,-0.00044002756,-0.005516194,-0.0019629523,0.0042258278,0.0012620613,-0.003910912,0.0046302713,PkC_ss
0.0020840392,-0.0010104049,-0.0014212988,-0.0003079921,0.0012867153,3.2007694e-05,0.00071687996,0.00047596544,0.0014910251,-0.0024050362,0.00017212331,0.002441503,0.00016608834,-0.0006729141,-1.8887222e-05,-0.0015325658,-0.00028564036,-0.0020259544,0.0015249373,0.0010192022,0.0008346159,0.0021345615,-0.0025357082,-0.0008996092,-0.006116599,-0.0024770126,0.0045028403,0.0019252673,-0.0038980357,0.0044446215,PkC_ss
0.0002995208,0.002001077,0.00067514926,-0.0014805943,0.0012287665,0.0015997365,0.00034429133,0.0008389577,0.0014253408,0.00069298595,-0.0018293485,0.004357688,0.00015868247,0.004092261,0.002994746,-0.0029497668,-0.0012028813,-0.0018657744,-0.0034194048,-0.002710905,0.0009968746,0.002101034,-0.0034890622,-0.002412036,-0.006278895,7.2710216e-05,0.0035869032,0.007713318,-0.002970688,0.008318331,PkC_cs
0.0016350821,-0.00061760284,0.0020930022,0.0022826195,0.0007145349,-0.0003771335,-0.0017729253,0.00030307472,0.0025065169,-0.0027819006,0.0024558902,0.0063081756,-0.00015169382,0.0017398149,0.0052525327,-0.004337117,-0.0027941912,-0.0021219216,-0.003943148,0.00011018664,-5.7555735e-07,0.0026513264,-0.0055186935,-0.008140102,-0.0068516284,-0.0030633956,0.0047761574,0.0073545203,-0.0048225783,0.004441172,PkC_cs
0.0040178,-0.0011270177,0.000601884,0.0008070767,0.0017578881,-0.00097384304,-0.00042380393,0.0013051257,0.003259331,-0.0020005144,-0.0005884841,0.007911377,0.0020103157,0.001991056,0.0052418634,-0.005348284,-0.0020246357,-0.0015011318,-0.00487087,-0.0011223964,0.00257268,0.0026400983,-0.0060154926,-0.0058572143,-0.009712569,-0.0031135082,0.004082009,0.010466397,-0.0028852597,0.009467803,PkC_cs
0.003092438,-0.0025302647,-0.006377328,-0.0034968108,-0.00057044066,-0.0016826019,5.2288175e-05,-0.009209536,-0.0010197088,-0.0049121873,-0.005925335,0.00016333908,0.0005159974,-0.0075214356,-0.0033602342,-0.0036725514,0.00014211237,-0.00650461,-0.0038241874,0.009790935,0.012130429,0.0024084449,-0.007967696,0.0038137473,-0.005746275,-0.004589513,0.008525401,-0.0029760674,0.0027596215,-0.0034013093,PkC_cs
0.00012493879,-0.0016668281,-0.006749939,0.0027213395,0.0036681518,0.003261432,0.008153841,0.010392003,0.0024646819,-0.0015758267,-0.0063550696,-0.0037517697,-0.00058218837,-0.0048319176,-0.0033374503,-0.008540265,-0.005014017,-0.0006588474,-0.003276187,0.0039126873,0.00046113878,0.00043361634,-0.008820796,-0.006818641,-0.013814509,-0.010431811,0.0070106387,0.018422611,-0.0074494276,0.01375322,PkC_cs
0.000528343,0.0006793598,-0.00032820553,-0.0027251393,0.001167817,0.0022842512,0.0028792769,-0.0031566918,0.0011525974,-0.0002191402,-0.0012713,0.0041263252,0.00040957332,0.00064039975,0.0016795248,0.00083192065,0.00039362907,-0.0033729859,0.00077936007,0.0009152666,-0.00048008375,0.002586402,-0.0023428164,-0.0003629811,-0.0053020045,-0.0017122775,0.006113842,-9.755045e-05,-0.008374594,0.0031464286,MLI
0.0004838407,0.0017942013,-0.0009641871,-0.001259923,0.0011207964,-0.0002124533,0.00154984,-0.0013292357,-0.0005722642,-0.00046409387,-0.0010608435,0.0022260025,0.0008171797,-0.0018753558,-0.0017696172,-0.00034479797,0.0021962374,-0.0019271187,0.0012750723,0.0008022338,0.0014965925,0.0029638186,-0.0013275109,0.0005810112,-0.0024943203,-0.0008271262,0.003945425,-0.0026825443,-0.0052809995,0.0034330748,PkC_ss
-0.0027523115,0.0017206101,-0.012111343,-0.0071993023,0.0039273463,0.0062458217,-0.0046892315,0.00803303,-0.002746284,-0.0011130124,-0.002942361,-0.009368971,-0.008129552,-0.0070297346,-0.0046494007,0.0029896833,0.0032075644,0.0064594224,0.00988898,-0.0015103295,-0.0018331427,-0.005138345,0.0038888715,0.0055993684,0.011061817,0.015139125,-0.0054725185,-0.023002014,0.011796318,-0.0075645074,MLI
-0.0024404898,-0.0014727879,-0.0030048452,-0.012935966,-0.0018839901,-0.003259845,-0.0050683618,-0.0028790012,-0.003016293,-0.0033491114,-0.005230762,0.0012889877,-0.0075585693,-0.013036013,0.002752237,0.00034824014,0.0077623725,0.013018731,0.012066906,0.0022319928,-0.00178455,0.0051081926,0.0061846375,0.0009224899,0.009610474,0.017762851,-0.002248235,-0.02349104,0.01121215,-0.011632167,MLI
0.0046591535,-0.001137075,-0.004669197,-0.0073447824,-0.0021034162,-0.0069255903,-0.002052009,-0.009806469,-0.0017412156,-0.0055343453,0.0058497265,-0.0007099137,0.0026940703,-0.0067490265,-0.0053967014,-0.0010081269,0.002763912,0.00036497042,0.0045072148,-0.00078612566,0.0043688454,0.0047426373,0.0027163513,0.0068937577,0.007400185,0.001225397,0.004384041,-0.015447937,0.0048622154,-0.0062970594,MLI
-0.00020667166,0.001280006,-0.000112924725,-0.003387034,0.0005180836,0.0016372204,0.0021250993,-0.004044749,-0.00019307435,-0.00016058981,-0.0014456809,0.0031799152,0.00015421212,-0.0011539385,0.00033816695,0.002017878,0.0017239302,-0.0020606592,0.0015760539,0.002132319,8.45436e-05,0.0027317926,-0.0013573729,0.0010750219,-0.0018168539,9.8101795e-05,0.005206257,-0.0052484497,-0.006783664,0.00036176294,MLI
0.00015506148,-0.0019825473,-0.0006183684,0.000107616186,0.00090223365,0.0011294112,0.0017246902,0.00052914023,0.00063830614,-0.0013231644,-0.0011987537,-0.0012175292,-0.002626419,0.00026212633,-0.0005845651,-0.00043755397,0.0008138269,-0.0023022853,0.0029976636,0.002338186,0.0013953559,0.0012890771,-0.00092875585,0.0010447949,-0.004335992,-0.001726307,0.0030405447,-0.00078234076,-0.0031144544,0.002980616,PkC_ss
-0.0014616176,0.004352783,-0.0045316406,-0.008957505,0.00021432526,-0.0023616925,-0.006463751,0.0020143092,-0.0003382042,-0.002012835,-0.0007880628,-0.00048948824,-0.0048208684,-0.0058815777,-0.0015991554,-0.0035051145,-0.00010536611,0.0054853186,0.006723161,-0.0022787526,-0.003356127,0.0025164187,0.0010494068,0.00034957007,0.0017231032,0.010516889,0.00037326664,-0.010953367,0.007859673,-0.0050145537,PkC_ss
-0.0029010475,-0.00018691365,-0.0017224886,-0.0011364669,0.001399681,0.002776377,0.0034113824,-0.00013452023,-0.0012640357,0.0010245275,-0.0038254634,-0.0060701817,-0.0051249117,0.0013400987,-0.003704287,0.0013953224,0.002204463,-0.0023644455,0.0042774146,0.001588881,0.0013699457,0.00076939166,0.0011421293,0.004464172,-0.0017537996,0.00085781515,0.0025251284,-0.0036890209,-0.002642056,0.0017748699,PkC_ss
-0.0016947314,-0.0005306415,-0.0010823458,-0.00033657253,0.00093789026,0.0012295544,0.0030778795,-0.0014812797,-0.0015780628,-0.00030457042,-0.0028125942,-0.003263466,-0.002797231,-0.001485765,-0.003027074,0.0019503646,0.0029537082,-0.0018114969,0.004629708,0.0028744787,0.0018427372,0.0020373315,0.0008154698,0.0030833296,-0.00015004724,0.000597395,0.0027180538,-0.0068589076,-0.003978297,0.00033059716,PkC_ss
-0.006269954,0.003256742,-0.002482038,-0.001070559,0.002144931,0.0046917424,0.0018510967,0.0033845752,-0.0039880946,0.0038190745,-0.004999377,-0.010098584,-0.009386092,0.0034134164,-0.005613722,0.0016861074,0.0017841309,-0.00071730465,0.0021332782,0.00068075955,0.0042613354,0.00019647926,0.005467333,0.007205367,0.0017829016,0.007100176,-0.001849696,-0.005831614,0.0039554974,0.00083723664,PkC_ss
-0.0074624345,0.0023961691,-0.0043484457,-0.0018067062,0.00079726614,0.003757529,-0.0018951297,0.004653424,-0.003876403,0.00033438485,-0.0020493567,-0.009813018,-0.008194879,-0.0018973425,-0.0074300617,0.001429487,0.005733311,0.0032930002,0.004802305,0.0014232099,0.0053996667,0.0007651225,0.007446941,0.008326307,0.0068817735,0.012274489,-0.0075424686,-0.01660046,0.007576471,-0.0048550665,PkC_ss
0.0044885874,-0.00017166603,-0.005960744,-0.007874116,-0.0022940151,-0.0059112236,-0.0016432703,-0.009158596,-0.0006938204,-0.0067506745,0.00736244,-0.00013609976,0.0028345436,-0.0042077005,-0.0048144087,-0.0032353103,9.6678734e-05,-0.0015426166,0.0030419237,-0.00311343,0.002718836,0.004452735,0.00081151724,0.005844619,0.0019621924,-0.0021184534,0.007178925,-0.0065986514,0.0020598313,-0.002461642,PkC_ss
0.0066139773,0.0005635554,-0.0068866685,-0.009668827,-0.002400551,-0.0056145713,-0.00416103,-0.009026907,-0.00085268915,-0.00928419,0.007874414,0.0025291294,0.00407587,-0.0018224716,-0.0036473796,-0.0054508485,0.0014669895,-0.0010506436,0.0005835169,-0.005176261,0.002597265,0.0025497675,-0.0008752607,0.0051080883,-0.0027908534,-0.006301135,0.007706307,-0.001085028,-0.00053222664,0.0027151257,PkC_ss
0.006335862,0.0009798734,-0.0074201226,-0.00931409,-0.0019495431,-0.0056231394,-0.004049197,-0.007998735,-0.00013447553,-0.009645022,0.007635772,0.0030071735,0.0054076165,-0.0017197579,-0.0034592003,-0.006537508,0.0013229847,-0.0016594604,0.00027771248,-0.006169997,0.0023500118,0.0024365783,-0.0015161783,0.0045250542,-0.003932625,-0.007211961,0.007181138,0.0013734475,-0.0018007997,0.0038276538,PkC_ss
-0.0012290627,-0.0010628132,-0.00047501922,0.0032276213,0.0022650193,0.0037629306,0.0050607026,0.009894811,0.0015779585,2.7447939e-05,-0.0039983243,-0.0015115589,-0.0006945729,1.1399388e-06,-0.0011245385,-0.0051818974,-0.0047030896,-0.00047318265,-0.0022194237,0.0016356781,-0.000141114,0.00048527122,-0.0057192408,-0.005931571,-0.006510474,-0.0039451346,0.001534693,0.010335736,-0.0032016244,0.007759426,PkC_cs
0.0023337826,0.00052281097,0.0001269728,-0.0010865629,0.0016152393,-1.2807548e-05,0.0008944571,-0.00017507374,0.0012776777,-0.0011791522,-0.0020355508,0.0045589134,0.00087572634,0.0020783097,0.0025406778,-0.0021588914,-0.0010475814,-0.00018405169,-0.0027090143,-0.001730755,0.0013291556,0.003402643,-0.003710717,-0.0029795356,-0.0063455477,-0.0006169081,0.0038020238,0.006869085,-0.0018771105,0.008577749,PkC_cs
0.0017073825,0.00032718107,0.0009592511,-0.0010065138,0.00052810647,0.0013520494,0.00013618171,-1.720339e-05,0.0015450493,0.00019217841,-0.00055446476,0.0044934303,-0.001242429,0.004109524,0.004069485,-0.002905812,-0.0010171682,-0.0021180622,-0.0033406634,-0.0010771379,0.0010200702,0.0010828748,-0.003372386,-0.0026432723,-0.008025281,-0.0015912876,0.0039518923,0.006412685,-0.0038795713,0.0077399686,PkC_cs
0.0026355237,-0.00046532135,0.00027539954,-0.0010038167,0.0006273594,-8.701533e-05,0.0011138916,-0.0011289343,0.0021310374,-0.0005070232,-0.0011161789,0.0040111765,-0.0010517836,0.0033349916,0.0029393807,-0.0025979616,-0.00032818317,-0.0020862035,-0.0020243954,-0.00079891086,0.0009509679,0.0014744848,-0.0046996213,-0.0028299838,-0.009492785,-0.002634272,0.0048658624,0.0068159103,-0.0043884777,0.008212782,PkC_cs
0.002203755,-0.0023810863,-0.007009756,-0.0053891838,-0.0007740613,-0.0110396445,-0.0037586093,-0.010763034,-0.001094155,-0.0029316796,0.0033471808,0.008878954,0.013472348,-0.016093224,-0.0105687305,-0.0068811104,0.0066574216,0.0012117215,-0.011626122,0.012208924,0.012920623,0.009489857,-0.00673303,0.0027767569,-0.0026149228,-0.009510793,0.010291219,-0.0065957457,-0.0042424556,0.00095216185,PkC_cs
0.007121384,-0.00408045,-0.011269826,-0.008525416,-0.0020577116,-0.009440385,-0.005137518,-0.022075005,0.0043779984,-0.012016422,-0.0027188435,0.006632194,0.0072856843,-0.015860751,-0.0040783286,-0.01170522,0.0075948536,-0.008831836,-0.002771018,0.007210344,0.014990277,0.010640368,-0.012549063,0.003523752,-0.0036944374,-0.0044708177,0.013774302,-0.011324301,0.0030807918,-0.011136226,PkC_cs
0.001887396,-0.0014928775,0.0021432228,0.0008338243,0.00178211,0.00012101978,-0.00023697317,0.0032935143,0.0019319057,-0.0025893627,-0.0010965839,0.006530158,0.0030019581,-0.0006046295,0.0046808347,-0.005520165,-0.0032043755,-0.00038212538,-0.006039167,6.9089234e-05,0.001830522,0.0054290816,-0.005326599,-0.007968411,-0.0060268417,-0.0021794736,0.0030099973,0.011268675,-0.0008039903,0.00760461,PkC_cs
0.0036999807,-0.001186166,0.00087381527,0.000997588,0.0010150578,-0.00028710812,-0.0021182597,0.0015887991,0.0039894804,-0.0021121958,0.002677299,0.008709654,0.0020536482,0.0026550293,0.0065016225,-0.006704163,-0.0030009896,-0.0032550916,-0.006850957,0.000251472,0.0031922832,0.0016829893,-0.0060128737,-0.0068012923,-0.011115827,-0.004329428,0.0035129786,0.010313742,-0.003540026,0.009123791,PkC_cs
-0.007812835,0.0034769494,0.0019539483,0.005061507,-0.0024863845,-0.0020240545,0.00015586615,-0.012049422,-0.0058293194,-0.00985411,-0.0021076277,-0.011061467,0.0021934807,-0.0025668666,-0.001456365,0.0012789555,-0.0055372566,-0.012823895,0.0092247445,0.0077015683,0.008169084,0.00051852316,-0.006687863,0.0037524402,0.008000217,0.0042321086,0.0061999485,-0.0068441927,0.008568078,-0.013983406,PkC_cs
-0.0014561564,0.002370472,-0.0027331226,-0.0109900385,-0.0015481338,-0.004324332,-0.0073408633,-0.00074614584,0.0004973188,-0.0038323635,-0.00041151792,0.0027702227,-0.004589945,-0.0071987286,0.00064309686,-0.004784759,0.001801908,0.007767182,0.0074756197,-0.0012292713,-0.0030210707,0.0049177334,0.001438193,-0.0007437691,-0.00052080303,0.010695618,0.0016361699,-0.009209186,0.0074881343,-0.0047883987,PkC_ss
0.00015172362,-0.0020784838,-0.001193963,-0.0007521659,0.000600107,0.0009853989,0.0018268526,-0.00017146021,0.0009460598,-0.001098319,-0.000508748,-0.0009810254,-0.0020969212,-0.00015933812,-0.0014774874,-0.0003398992,0.0013086349,-0.001724001,0.002916852,0.0021741092,0.0013674125,0.0012182817,-0.0011129305,0.0015359148,-0.0044653937,-0.0016228631,0.0037988573,-0.0010966584,-0.0035093762,0.0035775453,PkC_ss
-0.0016835853,0.0020388952,0.00011438504,-0.0018248409,0.0010897759,0.0020983368,0.004985556,-0.00072272867,0.00040517747,0.0018847501,-0.0025932938,0.0013185143,-0.0032346696,0.0068480372,0.0007349849,-0.0013626665,-0.0018696785,-0.0021354072,-0.0007512891,-0.0022402108,0.0028555598,0.0007270798,-0.0025140643,0.00027713925,-0.008388244,0.0013974309,0.005611114,0.009523302,-0.0021990165,0.010445472,PkC_cs
0.0039767697,-0.00066733174,0.0010393523,-0.0004657954,0.00074700266,-0.0009140074,0.00087083876,-0.0013583004,0.002525799,-0.0014634328,-0.00012664497,0.0073176846,0.0014141053,0.0016526952,0.0046391264,-0.0035103671,-0.0018141568,-0.0023618229,-0.002796731,0.00012938678,0.0013201609,0.0017119199,-0.005667299,-0.004476916,-0.009423956,-0.003828317,0.0061923414,0.0070502087,-0.0054942723,0.007890258,PkC_cs
-0.0015141368,-4.6275556e-05,0.00027712062,-0.00045529008,0.0010911133,0.0015391037,0.0020305961,-0.0015166551,-0.00024919212,-0.00064498186,-0.0024200976,-0.0006929487,-0.0023541749,-8.212775e-05,-0.00021683425,0.0017703846,0.0014596581,-0.002142638,0.004033414,0.0025809482,0.00031079166,0.0009136647,-0.0009701736,0.0012148209,-0.0007206574,0.00036241114,0.0031870455,-0.005660109,-0.0049920045,-0.0010801181,MLI
0.00020942837,0.001499543,-7.849932e-05,-0.0019348115,0.0009009857,-7.3201954e-05,-0.0007086694,-0.0022973567,-0.0005752966,-0.0022370378,-0.0013859421,0.0025591776,-0.0005797595,-0.0015933514,0.00016237795,0.0009721704,0.001419276,-0.0008605309,0.0032059136,0.0015984178,0.00019393675,0.0020037815,-0.002158299,0.00013807416,-0.0012099296,0.0010176748,0.004468158,-0.005671948,-0.004051706,-0.0006352961,MLI
-0.0061144307,0.0027659992,-0.001251027,-0.00015902519,0.0019988138,0.0039119497,0.004394576,0.001667738,-0.0044226497,0.0047680056,-0.005995296,-0.009731732,-0.008671433,0.0038482472,-0.005337909,0.0024948046,0.0018133074,-0.0014931336,0.0029254374,0.000852637,0.0040339064,0.0003522113,0.0050355457,0.0068576224,0.0021100119,0.005657926,-8.946657e-05,-0.005001925,0.0015075281,0.0015345514,PkC_ss
0.0044285282,-6.701145e-05,0.00022787228,-0.0013994277,0.0009947829,-0.0005720183,0.0013336688,-0.0010798797,0.0028621405,-0.0010740627,-0.0014943555,0.008012243,0.0016330779,0.0009589121,0.004390873,-0.0032941215,-0.0018162429,-0.0010958947,-0.002441206,-0.0003065318,0.00051705725,0.0018521696,-0.0059667565,-0.003903579,-0.0095566735,-0.004116513,0.0070783123,0.0077250153,-0.005959239,0.008753613,PkC_cs
