"ISIpca_1","ISIpca_2","ISIpca_3","ISIpca_4","ISIpca_5","CellType"
0.147874925351652,1.37519220658414,0.884035266840047,0.241514999905373,-0.165731874251445,"MLI"
1.4893526585479,-0.27408826216475,-0.178294516566858,0.13593776173807,-0.513553920286826,"MFB"
-0.615765122118624,1.47918612156469,0.468514030880705,-0.024317551367081,0.40065619982252,"MFB"
-0.929876784111229,-0.187910469831555,-0.318600844062806,0.0264813359355341,0.411444107383269,"MLI"
-1.37138806764792,0.295143689145739,-0.455237948473269,-0.0794834681355333,0.319284929614076,"MLI"
-0.420285582524235,-0.654206891718912,-0.0606906372878772,0.309673207454245,0.363253127691219,"PkC_ss"
-1.61300803735449,2.029106223564,0.390256777674729,0.0605195312097347,-0.126286586052665,"PkC_ss"
-1.04533697235305,0.563679273567756,-0.0136530375276921,-0.0181153152093539,0.311063894529214,"PkC_ss"
-0.854487887884224,-1.28267670820775,-0.815369974201676,0.0483795806536455,0.166424938872328,"PkC_cs"
-0.854487887884224,-1.28267670820775,-0.815369974201676,0.0483795806536455,0.166424938872328,"PkC_cs"
-1.8353633115661,0.804422355398889,-0.519978716316498,-0.168065273242427,0.176157607799464,"MFB"
-0.815725386648009,-1.22597286874811,-0.708286843359653,0.121879924417503,0.172428845089189,"PkC_ss"
-0.822973921252294,-1.131310370348,-0.775542711076825,-0.104218790372218,0.406490281968143,"PkC_ss"
-0.624059880482442,-1.17254853425561,-0.482366510447538,0.294832012823183,0.134769257785772,"PkC_ss"
-0.315263606901607,0.159937278560811,0.440617418016609,0.705152800299629,-0.0860519462715439,"PkC_ss"
-0.599806804320594,-1.17295549092026,-0.584550427119478,0.161172293418112,0.288296366419229,"PkC_ss"
1.19275468128366,-0.476822389845894,-1.08676910909888,-1.40454157633463,0.348414555924992,"PkC_cs"
1.19275468128366,-0.476822389845894,-1.08676910909888,-1.40454157633463,0.348414555924992,"PkC_cs"
2.41649356974573,0.536468677495591,-1.02976028457818,3.02944061101399,0.168483713448807,"PkC_cs"
-0.854487887884224,-1.28267670820775,-0.815369974201676,0.0483795806536455,0.166424938872328,"PkC_cs"
0.41203657549653,-0.767255846992456,0.298036286285959,0.681960357107936,-0.25431838907501,"MLI"
-0.120373259071544,-0.955594097938372,0.0422699757146135,0.644837194513245,0.113524042933953,"PkC_ss"
-0.322145314612545,0.312098961116037,0.370262383589033,0.254369518034873,0.316966002879698,"PkC_ss"
-0.854487887884224,-1.28267670820775,-0.815369974201676,0.0483795806536455,0.166424938872328,"PkC_cs"
1.08585977357781,-1.50095721777765,1.53646390135587,-5.36459880104819,-0.284159575256508,"PkC_cs"
0.191467719848913,-0.155104859451286,0.31454070600389,-0.243200751562887,1.2268397565238,"MLI"
-0.85427091992115,-0.0945657286272084,-0.176900127084063,0.0709835432030713,0.229586211345563,"PkC_ss"
-0.79561967286564,-1.14585118327854,-0.677519531672473,0.130727246596806,0.178462352662733,"PkC_ss"
-1.16366240470307,-0.648185708090279,-0.768541952649725,-0.0816154807309177,0.292834182594206,"PkC_ss"
0.481824657252262,0.923468926576111,0.815233937970378,0.118986244915717,-0.351314765036771,"MLI"
0.488914957269388,-0.187457646918002,0.574743327244644,0.717529135867571,-0.277156874693149,"PkC_ss"
0.0747222278640675,0.0118052166551296,0.509594275028812,0.560395508443155,-0.108078289369529,"MLI"
1.00854573702529,-0.459307905809032,0.877667915966627,0.843711506135949,-0.0878036715173786,"MFB"
1.71569185081107,-0.255688102527252,1.17004981536962,1.02317023979632,-0.549748289562032,"MFB"
-0.854487887884224,-1.28267670820775,-0.815369974201676,0.0483795806536455,0.166424938872328,"PkC_cs"
2.60843809487087,0.0177988886308879,1.89814607902378,0.647936356510812,-0.541078752270275,"PkC_cs"
-1.58667640080917,1.03390797821417,-0.480508232281141,-0.806099458201646,0.989274244493222,"PkC_ss"
-0.548563005370978,0.605613821769697,0.440874066214132,0.430290310141096,-0.0355916739406315,"PkC_ss"
-0.802664477372717,-0.970225907493938,-0.59527410277523,0.0875060920894532,0.295317634772447,"PkC_ss"
2.38680042341575,0.331711962270993,-1.42187372503624,1.09612091393792,-1.62048461275375,"PkC_cs"
0.443952649889956,0.716383583660748,0.785713319802434,0.450401799616565,-0.288159903203228,"PkC_ss"
0.00151296650690322,0.62072231080569,0.678388554854436,0.465922230566341,-0.300175612374596,"PkC_ss"
1.59368300529666,-0.0927160961487177,0.763497393496618,0.834466116073704,2.17975981088746,"PkC_cs"
3.94830062747456,1.86354579010401,-0.0349990087178609,5.53148680015246,3.32638472215241,"PkC_cs"
1.44687565932087,-0.85217895164624,0.164709846034886,-3.05071085351277,-2.87690681639666,"PkC_cs"
0.341813261345065,-0.884106026021721,-0.602055727038511,-1.09302420178111,0.745907634682912,"PkC_cs"
-0.863721148100301,-1.25603855862819,-0.807873689734108,0.0548919082201861,0.168185229409651,"PkC_ss"
-4.05989767777314,7.27691836004119,0.850392649733679,-1.55465315655816,0.371205050952638,"MLI"
-2.35676942944383,3.25997583432892,-0.447272421822324,-2.35364853245624,2.48914600352313,"MLI"
-1.57313517581127,2.16384118949512,-0.150716488171704,-1.52454184068638,1.7838766258257,"MLI"
-0.920891487271284,-0.0290438758158985,-0.520056218101425,0.116631170295971,-0.114023350676232,"MFB"
0.780129404304743,0.0273841955677962,0.704865520406631,0.48121868065194,-0.112772469316601,"MFB"
-1.18508650191045,1.25754977285438,0.276196972976927,0.128672687602022,-0.0227143036639895,"MFB"
1.02663036389473,-1.41863694102657,9.0573756358138,1.61864172148009,5.54146238494291,"PkC_cs"
0.155522682445385,0.603866751889501,-0.0192130158235518,0.144947583899193,-0.0234128574223021,"MFB"
-0.680886561837137,-1.0896889021457,-0.535610407161945,0.235393392925337,0.15495013029212,"MFB"
0.621874047541352,-0.544494366200005,0.61384759122802,0.608546611140062,-0.26990619960825,"MFB"
-0.585170086819634,1.72165886173004,0.773552669925866,0.231071882419702,-0.316911024327517,"MFB"
-1.18088771592871,-0.424803414200526,-0.708438714739608,-0.255593422919826,0.420501579745449,"PkC_ss"
-1.111042450559,-0.744148267226507,-0.749826364269254,-0.0312225406382814,0.183060756072926,"PkC_ss"
-0.478576032093149,-1.32496512541522,-0.359739133279589,-1.00029988500938,0.079131272762377,"PkC_cs"
-1.23088161104595,-0.540389166776463,-0.739171702328647,-0.0509970780357462,0.178327046976695,"PkC_ss"
-0.889961750075029,-0.604517138425031,-0.446073642132906,0.165800597065873,0.328862592115013,"MFB"
1.48412732878345,-0.389894966407504,0.783598559996238,0.0170432450240864,0.633665722741581,"PkC_cs"
-1.34450988068102,-0.144776559278201,-0.644383049255463,-0.0670223485206766,0.159790386840236,"MFB"
-0.327540278360647,-0.797783609817123,-0.0348906451765154,0.679577768104611,0.242504761593128,"PkC_ss"
1.98754032869942,-0.26260436449169,-2.36209020333832,-3.22001328025512,-0.388735982793403,"PkC_cs"
-7.09749669093776,12.5822457557339,1.27790414779766,-2.08549764694801,-0.250848705789869,"MFB"
-0.692515348844303,0.353977951949499,0.192110559655679,0.228731130764135,0.0787033810128656,"PkC_ss"
3.00081749952261,0.178948087700305,3.797740361709,2.5847363287355,-1.0572067872422,"MLI"
-0.401937510945804,-0.694063117369583,0.0595453477099885,0.772273574542623,0.174317247312833,"PkC_ss"
-1.03240145207231,0.542673514531297,0.0205212496347017,0.238212912413676,0.00595167853037882,"PkC_ss"
1.44015176765501,-0.161263757594249,-0.226917882619869,0.954427707373588,0.331230808304183,"PkC_cs"
-0.854487887884224,-1.28267670820775,-0.815369974201676,0.0483795806536455,0.166424938872328,"PkC_cs"
2.28685980599837,0.477721498799784,-2.64276873676094,-0.206855353071106,0.288354731927428,"PkC_cs"
2.39584099246156,-0.176133782851004,0.728544678144942,-0.592984598347706,-1.56932461538613,"PkC_cs"
-1.15706818728837,-0.746431518345659,-0.769242855502957,0.106256560140776,0.214020809672267,"PkC_ss"
-1.83570479013369,1.33207775692917,-0.290348850652933,-0.357225183449234,0.368886773020217,"PkC_ss"
-0.854487887884224,-1.28267670820775,-0.815369974201676,0.0483795806536455,0.166424938872328,"PkC_cs"
-1.18132083613441,-0.520919162386345,-0.765942984930318,-0.256066630086681,0.397763625477509,"PkC_ss"
0.449697853588307,0.0915396145311619,0.848239903297345,0.521788250958978,-0.453468062154291,"PkC_ss"
-1.11657763228885,-0.618630138368506,-0.774922981378721,-0.24978203399901,0.393682242549577,"PkC_ss"
-0.705207073162751,-1.26812024763234,-0.881446122948711,-0.397669235147333,0.705120163020149,"PkC_ss"
-0.29762286908397,-0.854006825439673,-0.0464489003213415,0.514147614739114,0.129155155050118,"PkC_ss"
-0.227968128232432,-1.35315740355353,-0.0559852393315304,-1.69941952878473,0.0209354953557432,"PkC_cs"
-1.73062378189677,2.80609693540202,0.72366491866762,0.168094160178821,0.0707791751685884,"MFB"
3.15294684843252,0.271085147394276,2.4745963832575,1.11981543457642,-1.38300453728545,"MFB"
-0.890642887260163,-0.946030451861769,-0.708615496222983,0.00603230255563272,0.298325416663252,"MFB"
2.01624934266906,0.0866723523975435,2.1593285452032,1.36034104023852,-0.386438575297067,"PkC_ss"
-0.827008578523997,-0.629854692118682,-0.479511868651425,0.0333930663049746,0.393275458884669,"PkC_ss"
0.949556675436643,-0.771664860613244,-0.738778886026567,-1.72412450471168,-0.686123269539128,"PkC_cs"
0.806208425200681,-0.728462527152133,-0.762191110796082,-1.34054544672838,-0.947942772816285,"PkC_cs"
4.17212998434284,1.04890766426988,2.89567068078953,1.52816722115776,0.264809198547142,"MLI"
-1.75624207760687,0.685005563106878,-0.500390609421553,-0.0821736192852148,0.183735394577432,"PkC_ss"
-0.11380066602188,0.270906905732771,0.588523739340287,0.64916227864225,-0.147654282279531,"PkC_ss"
-0.368713679377467,-0.376253914604758,0.124689637276513,0.470025935613404,0.0680638971772346,"PkC_ss"
0.225659976013431,0.0969645541448503,0.683262796028051,0.60011578075113,-0.0908806616926341,"PkC_ss"
0.634797611914164,-1.01633664521837,1.09593025800192,-0.958536320138383,0.268209423340312,"PkC_cs"
3.28815390430241,0.45386819204641,-0.0705633855744884,-0.970278036166647,0.282111004571585,"PkC_cs"
-1.70299076704951,0.525854084553132,-0.624655267396952,-0.115199718721843,0.298085676489011,"PkC_ss"
-2.15752755082788,2.18051162127137,-0.0759481937554638,-0.43904763491428,0.161097149364432,"PkC_ss"
0.378400037138822,-0.662225819845189,-0.852703895053019,0.280877807940216,0.46792611991436,"PkC_cs"
-0.753210989760433,0.101960639015967,0.0352549577427208,0.285898588613774,0.0950542481482355,"PkC_ss"
-1.29084453243502,0.0388224412209978,-0.467962993068019,-0.13019684512083,0.306269173359068,"PkC_ss"
-0.106595883336227,-0.491046379823073,0.130751544804958,0.474378435569969,0.235238706656609,"PkC_ss"
2.34642168508853,0.392538555234354,-2.34289959243795,-0.51678510404339,0.714423486564597,"PkC_cs"
1.3504187276982,-0.491388564958587,0.0855975274235656,-0.613282939746514,-0.214249151547259,"PkC_cs"
-1.43649174411445,0.372926409612354,-0.41028931039929,-0.154846553820607,0.23692383111463,"PkC_ss"
-0.988904613113104,0.0438110363374045,-0.172537133958238,0.170634931973728,0.15168981615304,"PkC_ss"
0.107432560448091,-0.185332259458391,0.624046456804009,0.904634078795748,0.0795670235740236,"PkC_ss"
4.7071867676212,0.850336978082627,-0.449044640175556,-2.68288746342983,-0.150980740483521,"PkC_cs"
-3.21121601197267,3.88410702836248,0.000840682926824347,-0.627772381653856,0.162057195903212,"MFB"
0.634430941828066,-0.0171009954604154,0.562559024005108,0.340189524175291,-0.620326151502974,"MFB"
0.383200449259816,-0.468522640745955,0.401542116387075,0.616257491760498,-0.197538744984706,"MFB"
1.38088921655491,-0.346188982944363,1.55901618073083,1.64354358819105,-0.0316611336997052,"MFB"
2.49235121788371,0.221607755023966,0.711319116804844,0.47576993059169,-0.213216059855399,"MFB"
-0.773406851798023,-0.864202437854646,-0.450563618560203,0.220406500322319,0.154913062067212,"MFB"
1.3622953546328,-0.246288462847316,1.77158943663772,1.4090447942703,-0.0407809442169913,"MFB"
-0.93311623518513,-0.963599606886937,-0.792996056440376,-0.206862371067467,0.383232739584479,"MFB"
-0.325933973008739,-0.70745853396665,-0.0929350536097224,0.429334713981297,0.0326173013814547,"MFB"
-0.0557554976048732,-0.602496444923956,0.184495477766272,0.585687241305153,-0.0849505123885286,"MFB"
-1.4365825461759,0.38153272627517,-0.423566694749656,0.0739580956033596,0.160318854980338,"MFB"
-1.02145375489969,-0.802747726454002,-0.740871487191972,-0.12693134254518,0.305938119277509,"PkC_ss"
-1.39597766145002,0.794962070393568,-0.0873421493573968,0.00435881984166844,0.136279294719943,"PkC_ss"
-1.34845231825662,0.475841967058464,-0.300473934019636,0.0960694093366773,0.2945624846154,"PkC_ss"
-0.862552547089795,-0.430674158635307,-0.314818702817819,0.277370492508652,0.196614943163014,"MFB"
0.762825334348691,-0.643357417695209,0.504440484085031,0.592240018806376,0.282663096973411,"MFB"
-0.686790350891323,-1.28250111745613,-0.964922939499266,-0.655078788653288,0.994842815883627,"PkC_ss"
-1.90459422328052,3.43215121266227,0.253190913642931,-0.079299779559537,-0.308067443053839,"MFB"
1.96344398393875,-0.510555806768921,0.852766045056191,-1.40311072465402,-2.66886017552293,"PkC_cs"
-1.49469599469137,0.721294146363361,-0.619503743589576,-1.13850813396028,0.997139342968035,"PkC_ss"
-0.554001921466045,-0.905981899181763,-0.293063249441233,0.326062736324788,0.214696731032661,"PkC_ss"
-0.999989669825211,-0.911714691836365,-0.731762829993458,0.0307520913826027,0.161718389862844,"PkC_ss"
2.38680042341575,0.331711962270993,-1.42187372503624,1.09612091393792,-1.62048461275375,"PkC_cs"
-0.854487887884224,-1.28267670820775,-0.815369974201676,0.0483795806536455,0.166424938872328,"PkC_cs"
0.28228485220955,-0.431079886551503,0.599514857532259,0.826591351029167,-0.0967577818838141,"PkC_ss"
-1.06966008191309,-0.584854143711842,-0.591449562432558,0.0466312860389847,0.164281300652475,"PkC_ss"
-0.833985562982685,-1.12068228505028,-0.73293477660852,0.000233537981117065,0.286010832282086,"PkC_ss"
2.45992500975858,0.859339182267766,-1.6713744410031,2.43079372640847,2.16491498645843,"PkC_cs"
-0.854487887884224,-1.28267670820775,-0.815369974201676,0.0483795806536455,0.166424938872328,"PkC_cs"
-1.36974159910126,0.942147009841524,-0.0732580641479483,-0.0491305962101204,0.164039902866948,"PkC_ss"
-0.960232310335116,-0.834969718520288,-0.699427952476882,0.00103330094258769,0.243407123659102,"PkC_ss"
0.733130052625531,0.127738613146937,1.57769149927958,1.46444702405387,-0.194486180056723,"MFB"
3.30394867227112,1.27357321930529,-2.77869900909688,3.19208749325786,0.390280689943832,"PkC_cs"
0.65666504287633,-0.758164462378927,-0.74783105691776,-0.690295279483503,-0.991434559023286,"PkC_cs"
-2.26047164533979,1.60108553941112,-0.487639579808677,-0.32017859821374,0.31904292971219,"MLI"
-1.09582319483241,-0.741553262623689,-0.75935353811408,-0.103311133249287,0.264645597995562,"PkC_ss"
1.78567814713756,-0.341106480751061,1.03972180202562,0.262252926790696,-1.12097006794928,"PkC_cs"
-0.769330328723269,-1.09750960096141,-0.723991655175147,-0.0915513774395093,0.433230455030511,"PkC_ss"
1.85819337757948,-0.187030645667258,-0.936164816360866,0.325342454193626,-1.44376861956473,"PkC_cs"
1.39620004725288,-0.0136729162299536,1.58328484085692,1.53575966444283,-0.130622290764608,"MFB"
-0.719737118256503,-0.563371445874265,-0.261304671166937,0.288856987952741,0.124153224511718,"PkC_ss"
-0.992462391393292,-0.854655377831968,-0.930507827229656,-0.534939921918411,0.804790958371251,"PkC_ss"
4.27958221748464,0.6849864884015,-1.23118900037646,-2.30345742226145,-1.77931078403742,"PkC_cs"
-0.975265598326384,-0.976814908318118,-0.797701594744,-0.102958451347913,0.279666886820202,"PkC_ss"
-2.63447770038765,2.4908348953389,-0.378893437557958,-0.613360449591749,0.334780501105152,"PkC_ss"
-2.24497793262575,2.23795125517155,-0.0483210581713513,-0.471155021485306,0.0428607338949914,"PkC_ss"
-0.790225263298047,-1.21399220615125,-0.955918822726672,-0.525769248645849,0.807918283103038,"PkC_ss"
0.0431072315925947,-0.830977686838223,0.180955057747484,0.460722674671723,-0.0580699916461144,"MFB"
-0.570179354511088,-0.304200701658418,-0.282212552029942,0.248524726091585,0.0871988352370712,"MFB"
1.56218515339706,-0.0158090911638912,2.05079371178998,1.05272083707091,-0.953006789955996,"MFB"
-0.245823662003227,-0.925095165503247,0.00259056806228065,0.682383874583692,0.242434630199694,"PkC_ss"
-1.07858775608493,2.37228168733126,0.865185063632325,0.11574639220117,-0.156246615301981,"MFB"
-3.89978993334779,7.01491364210204,0.834355665859374,-0.904453101510106,-0.258566686829792,"MFB"
3.52724451735468,0.384235685169039,1.54162750669012,-0.242900099394895,-0.981211413584175,"PkC_cs"
-0.688745698564953,0.984194587804005,0.252926830835316,0.293061773971289,0.0503921942894396,"MLI"
1.56581257684295,-0.287154901530491,1.82429652591846,1.79326307625524,-0.44538032604573,"PkC_ss"
-0.881020477851767,-1.20027481144286,-0.833012539056151,-0.0590683830941575,0.277582157693698,"PkC_ss"
-0.893672879960545,-1.10581038966543,-0.739990809778525,0.0765023680676453,0.161094362787535,"PkC_ss"
-0.516974211385697,1.60146062639481,0.57915342791443,0.272878692815556,-0.188682836589337,"MLI"
2.0403092959249,-0.242077110780797,-0.201372497443119,-1.13818862200799,-0.53886535407401,"PkC_cs"
0.746353751579557,-0.618382674157194,-0.846078660016067,-0.550024856938267,0.416619571638706,"PkC_cs"
0.814164315302249,-0.783048004903739,-0.0463711079686963,-1.60994857444972,1.12043552388656,"PkC_cs"
0.390913717984619,0.0902347333641929,0.69777249969132,0.682141114408713,-0.189050344586448,"MFB"
1.87620650682718,-0.118922989391051,0.182411815485461,0.547170453602242,-1.32996962668122,"PkC_cs"
-1.35789864078435,-0.392285223409195,-0.762552798995657,-0.00329742698372915,0.194707724379764,"PkC_ss"
-3.97432003679762,7.6169266784399,1.4711919380345,-0.599349156748274,-0.184254580062921,"MFB"
-1.89430589258955,4.98168398029238,1.62784094865507,0.106712564949975,-0.0312862461192364,"MFB"
-0.0748553084061955,-0.474362630835698,0.077701167706284,0.399528275742901,0.0631002264165251,"MFB"
0.528881351805908,-0.404416468906091,1.23682136428319,1.97503561729662,0.440840330243554,"PkC_ss"
0.0951525844870002,-0.653882317395291,0.370345960310688,0.788045324478393,0.0193032999281048,"MFB"
-1.2212698047846,0.596488328685154,-0.168830677904233,-0.238365838591474,0.667799190205528,"PkC_ss"
-0.854487887884224,-1.28267670820775,-0.815369974201676,0.0483795806536455,0.166424938872328,"PkC_cs"
3.16841147109017,0.640710894106642,0.101646747778788,1.66029870712597,-1.52008155910967,"PkC_cs"
-1.88912743605183,5.05274867164286,1.60215557079799,-0.0547795154488139,-0.453778103932041,"MFB"
1.04135338743149,0.0285442082417488,0.856773312862045,0.635303140310448,-0.458631417635046,"MFB"
-0.137254498357114,-0.319164494555086,0.374527275364298,0.757831792754685,0.0202395514185499,"MFB"
-0.9138713681034,-0.962641787570117,-0.728937995497643,-0.0377929542632691,0.326880430177473,"PkC_ss"
2.12220324517813,-0.289492932392885,1.21266125920574,-0.812339643232898,0.421203544382759,"PkC_cs"
-2.98325516880697,6.01929524446679,-0.474625767955012,-5.03089353163365,4.20247760939453,"MFB"
2.55994420624591,-0.0740666109095525,-0.485875959002394,-1.52463533032167,-1.23423555973986,"PkC_cs"
-1.65015350453402,0.730185114737044,-0.38323678538697,-0.156930660394491,0.0893325651158287,"MFB"
-1.54165932169859,1.03883298969419,-0.153445963955916,-0.00930288662941945,0.0134605333063967,"PkC_ss"
1.2452547377853,-0.66462435331407,-0.215850681283679,-1.38476367387498,-1.73318648655619,"PkC_cs"
-0.464527515425089,-0.945111709817533,-0.238469491372181,0.445075420633258,0.119708271188864,"MFB"
0.804897048338395,0.375005998391402,0.910730555124404,-0.0401032574798913,0.214206535637197,"MFB"
2.19315028665165,0.538427530575821,0.28052259603783,-0.403916043197129,-0.636445317998176,"MFB"
1.99290558857163,-0.0412948615016749,-1.80196980747517,-0.903360652454172,-0.951000776519693,"PkC_cs"
-0.919919989944662,-1.01711753650198,-0.885381868277661,-0.377838444693135,0.601190521595016,"PkC_ss"
0.446243966987526,-0.634821112482124,-1.05876046373616,0.46883910075171,-0.550663438447131,"PkC_cs"
-0.891785339867435,-1.20053213572967,-0.822236230371508,-0.00440341899497573,0.227944211400949,"PkC_ss"
0.214702805676591,-1.00305894552203,0.217080335117025,0.19037095462735,-1.68393214481561,"PkC_cs"
-0.0159538570105992,-0.591532906284493,0.247375267796175,0.597964975469274,0.0299842663604569,"PkC_ss"
1.85594310444373,-0.182448526394624,2.14006648099113,1.29943083684095,-0.195019049801956,"PkC_cs"
-0.690020476115979,-1.14494531322161,-0.58026051226329,0.218399409677883,0.160147127763643,"PkC_ss"
-1.04812776821273,-0.700810631623351,-0.629421591420279,0.079977396344009,0.15586201017497,"PkC_ss"
-0.534347858669498,-0.121067818763066,0.069507370585905,0.406323495673555,-0.0248085858372971,"PkC_ss"
1.02507139107115,-1.49411879424509,1.46278423040876,-5.19501774766147,-0.270043391677425,"PkC_cs"
-0.854487887884224,-1.28267670820775,-0.815369974201676,0.0483795806536455,0.166424938872328,"PkC_cs"
0.174056520136163,-1.5047369342635,3.54468128425952,0.904269233685781,-0.477726202186556,"PkC_cs"
1.04675064224814,-0.696735802902367,-0.909868179020772,-2.11749011781057,0.0852813130076557,"PkC_cs"
-0.966787237305026,-0.312502153556387,-0.377980299119103,0.103059828773883,0.27580028052143,"PkC_ss"
-0.988763213722435,-0.961206543463446,-0.77503408585858,-0.043540262899649,0.227325194078069,"PkC_ss"
-0.854487887884224,-1.28267670820775,-0.815369974201676,0.0483795806536455,0.166424938872328,"PkC_cs"
1.10788045002257,-0.542769011343474,-0.886967422514362,-0.808245360369829,-0.428111804335403,"PkC_cs"
-0.999858824087842,-0.958015076327405,-0.761370299231807,0.0249897117403909,0.1701524569686,"PkC_ss"
-1.05115364497796,-0.76735478273792,-0.750670227486024,-0.160426623429542,0.241685386084683,"PkC_ss"
2.13134824995882,-0.0454851999372054,0.698829510246565,0.462896259097534,0.680990924102007,"PkC_cs"
-0.707399991337226,-1.15543238264505,-0.586034979398611,0.214219469666349,0.159539276629507,"PkC_ss"
2.14414351691947,-0.326145642122241,-0.71908183652811,-2.20586595792532,-1.3876318295899,"PkC_cs"
0.196239285019141,-0.841961954290781,0.291204276362987,0.587428662689991,-0.116403588596668,"PkC_ss"
0.00594340853342441,0.206129616778031,0.582342755661149,0.467382848622641,-0.181721496771511,"PkC_ss"
-0.87393826096138,-0.981557861546964,-0.63512504402749,0.139189315170059,0.159386572344873,"PkC_ss"
1.40793767473721,-0.547237650431544,-0.115746489893523,-0.833334023274345,-0.243404629845025,"PkC_cs"
-0.703492971381377,-0.639701170958242,-0.223283265329601,0.368629982592338,0.120603422367319,"PkC_ss"
1.326299642309,-0.480322871615237,-1.16449705838897,-1.35298993175279,-0.843110862819426,"PkC_cs"
1.52841395634403,0.617145940217578,2.85191141121891,1.7702226699195,-0.739206604996514,"MFB"
-1.18470015472639,-0.607125007075941,-0.724648860642634,-0.0292421565051349,0.170073590327854,"PkC_ss"
1.9834881768016,-0.210506466356558,-0.0773237764849583,-1.14385051621096,-0.249219520878803,"PkC_cs"
-1.28843866568483,-0.385345282083378,-0.695749615810916,-0.0322819948771609,0.200981836015999,"PkC_ss"
-1.18851126568469,-0.492515793203436,-0.663391523665125,-0.00233452998953564,0.177631650637275,"PkC_ss"
2.76049723312462,-0.217262707023696,-0.218380987452398,-2.74403051483592,-0.698933153102642,"PkC_cs"
0.412370390327233,-0.55507294636925,0.401192351407486,0.655326630108794,-0.156696289082705,"PkC_ss"
-0.448881154732324,-0.789504687587616,-0.184762265905491,0.383929361666489,0.207133470112617,"PkC_ss"
2.59748246908102,-0.0751775830376099,-0.866528055326849,-2.08651440759353,-1.35864618473598,"PkC_cs"
-1.0490380318353,-0.960509119026225,-0.805270170836312,0.0396580945282817,0.183141176631277,"PkC_ss"
0.545246409366064,0.128739043504991,0.701275298252319,0.668373986226964,-0.269122243654221,"MLI"
3.3641061590227,0.490762926178581,-0.132178140459494,-1.22470605936962,0.700666061180726,"PkC_cs"
-0.264822231741361,-1.3490114802979,-0.10065492961801,-1.59660781646482,0.0294936979155424,"PkC_cs"
0.779245962199525,-0.599656438873919,0.602535075512688,0.848255116592593,-0.206596957425267,"PkC_ss"
-0.862914724718921,-1.24397817648748,-0.824529004501283,-0.012698928669234,0.231048174062819,"PkC_ss"
-0.292572602420208,-0.307196634097991,0.21416193496567,0.574692798287964,0.00300702123081972,"PkC_ss"
1.95301019457236,-0.251365786373631,0.55072138192476,-0.854461986062895,0.601331907130868,"PkC_cs"
0.221066103031194,-0.767610857707177,0.469960650826721,0.783967833869907,-0.131159274982111,"PkC_ss"
-0.180575058454049,-0.788594596348955,0.150262457720552,0.727323791665683,0.0568362799356413,"PkC_ss"
1.84747423994724,-0.226922060959395,0.0829071927000176,-0.251118006589208,-0.626387948129007,"MLI"
1.46583272384961,-0.442980021164397,-0.607812995479685,-0.531600974133452,-2.56172162913039,"PkC_cs"
2.24502167181323,-0.192784087148399,0.578769351477776,-0.25465229462298,-2.10154549059394,"PkC_cs"
-0.943041969309135,-0.600991390387429,-0.506059341629941,0.149768470854263,0.181392155146204,"PkC_ss"
-1.07820120007595,-0.794066928444416,-0.752012111217182,-0.0263717972839524,0.202704257419603,"PkC_ss"
-0.900003647400996,-1.20391645959811,-0.811132256444071,0.0444963371315564,0.169005150505304,"PkC_ss"
-0.100353863441216,-0.915541827398013,0.141997184833313,0.752289382853119,0.0482891407379635,"PkC_ss"
3.83501908328642,0.850335396828566,0.184720537901686,0.65388552481019,0.52267107467395,"PkC_cs"
0.860218630907575,0.0020500364219065,1.87844799875176,1.75085055801145,-0.208503162594795,"MFB"
1.06427517343606,0.117981487493999,0.933619406089897,0.673123958836852,-0.372114078695347,"MLI"
-2.4531115071591,2.88460487254592,-0.0480366560350455,-0.740321978212981,0.43386618721107,"PkC_ss"
-0.723233955977411,-0.658751901298548,-0.307563383708815,0.376396446477886,0.159960871425958,"PkC_ss"
-1.31463296966966,0.0635950308048494,-0.447460637017921,-0.0449702005556438,0.233447909254038,"PkC_ss"
-0.37596217626327,0.838918217449788,0.653521001002043,0.374092354730729,0.224787450214078,"MLI"
-1.37956047284042,1.16370967050976,0.0915744475446177,0.180349119435642,0.0683997983141334,"PkC_ss"
2.12424629166922,-0.0570030341650415,-1.29663313198133,-0.655804133488524,-0.909702193117869,"PkC_cs"
-0.0727294632965946,0.00960348964136196,0.413369006458512,0.522915471079385,-0.16398492498638,"PkC_ss"
-1.2918174243952,-0.196261664071135,-0.62695820873586,-0.0895099443772115,0.324014633923161,"PkC_ss"
-0.567734241509683,-1.16026564248996,-0.423573768892686,0.368605416700418,0.144024703330377,"PkC_ss"
-0.761882541218089,-0.237178337619293,-0.138367201388461,0.419856099999513,0.138957943194482,"MLI"
-0.55400291928441,-0.367361794758639,0.0914052141433915,0.594476148384277,0.110825216352753,"PkC_ss"
0.00473921106680413,-1.37933594753911,0.226071947905951,-2.34860205514755,-0.0331034408075593,"PkC_cs"
0.349843321463582,-1.12664190452728,-0.132763072733711,-2.13795777940156,0.00417660644970722,"PkC_cs"
-3.0369122474541,3.79736411779503,0.0110316843764251,-0.879344241192563,0.000595276549095289,"MFB"
0.460814248671413,0.0927601915631124,0.656656706408418,0.575827729437463,-0.29280355610801,"PkC_ss"
-0.796231800133774,0.541296240903844,0.209499063610291,0.312729113231482,0.148838704885507,"PkC_ss"
-0.63118650924057,-1.04710857213506,-0.456563837737007,0.278434452459525,0.206005630310523,"PkC_ss"
-0.80767085202014,-1.07069910890566,-0.77371712249295,-0.189738037520399,0.558127251562937,"PkC_ss"
-0.059301624783082,-0.560617576453226,0.327732889283017,0.699946445269186,-0.00491452999510515,"PkC_ss"
-0.45676276211539,-0.680053598755771,-0.13253339880585,0.309620238781043,0.288288785951635,"PkC_ss"
0.264098101018673,-0.654607654612952,0.456552440915735,0.687922982062628,-0.170310891892383,"PkC_ss"
-0.270554037953946,-0.770113587073306,-0.0556259322553576,0.5485052184947,0.0771081783349689,"PkC_ss"
-1.08845994836289,-0.74169753921702,-0.75962748391388,-0.0836780688950714,0.270933867259321,"PkC_ss"
1.90826844811513,-0.328165116879111,-0.968811349167974,-1.68403384042824,-1.27013167822319,"PkC_cs"
1.40289714026641,0.0986267971761235,1.53246337350183,1.18421561427204,-0.555675407569714,"PkC_ss"
-0.865847471613449,-0.950171691088673,-0.611567025403044,0.154210878554041,0.159556504576407,"PkC_ss"
0.0198021209364968,-0.64607278912361,0.265244785139159,0.688104256818939,0.108071612746491,"PkC_ss"
2.22585259868268,-0.162860971275751,-1.168061176788,-1.59419101592976,-1.71912804253017,"PkC_cs"
-0.0036266751793922,-0.900786387392612,-1.29267077363627,-0.524332869623912,0.0891227268888374,"PkC_cs"
-1.11186162950239,-0.452421813862192,-0.632735849987469,-0.110435348721879,0.326420301108752,"PkC_ss"
2.05633032299299,-0.124486451281759,0.491173762570426,-0.325885811968886,0.30951607004097,"PkC_cs"
-1.12385556334827,-0.191011685458275,-0.390074930448478,0.145194074833503,0.151940397093877,"MFB"
-1.67860263602142,0.409938914985154,-0.60400481136312,-0.0456082205131344,0.18116191138148,"PkC_ss"
0.735389644192229,-0.339484931909699,0.945761260111657,0.816509755644231,-0.337253977000734,"MFB"
-0.898102925538711,-1.19334376058042,-0.804314271584113,0.0423665121004136,0.169280041756161,"PkC_ss"
2.9787929694656,0.319925152586362,-1.50327132975035,-1.43517945451413,-0.818052841092674,"PkC_cs"
-0.922906019623112,-1.13818832410091,-0.837296463859191,-0.0621441058704116,0.288661792498657,"PkC_ss"
-0.487182226025301,-0.853220350018901,-0.2126280966187,0.473478583464349,0.12464240513714,"PkC_ss"
-0.168073029699975,-0.991344541326457,-0.00112173186970666,0.630355167992224,0.109222517701771,"PkC_ss"
3.09923496248655,-0.0546080924648825,-0.755935151047959,-3.02518958163212,-2.54752003269896,"PkC_cs"
0.297025309678889,0.626953020679756,0.644859196848955,0.335604918854778,-0.15324115196215,"MLI"
0.719089847419049,-0.319037334178911,0.597528487513777,0.601336685816768,-0.271663373632168,"PkC_ss"
-0.926065485370817,-1.09570179503227,-0.857630701088738,-0.166561266950154,0.396081551399912,"PkC_ss"
1.9136154912761,-0.269996866159263,-0.14151187926164,0.0219596161463906,-3.46963422648448,"PkC_cs"
2.33202028148394,-0.26267063547451,0.675737753783269,-1.63313456072295,-0.277299016758723,"PkC_cs"
-0.911433678305097,-1.01901593955117,-0.870641685774263,-0.350240297988366,0.570199561429901,"PkC_ss"
-0.177749506877871,-0.515105988162393,0.168741410287902,0.58417230923609,-0.0418014661702383,"MFB"
0.84389908944683,-0.543634196433104,-0.971528747481678,-0.267278500666854,-0.484144335605796,"PkC_cs"
2.14902359389633,-0.145517826542255,-0.183878309042316,-1.0700046781225,-0.801595635010478,"PkC_cs"
-0.522170479637067,-1.14506989255407,-0.440659687125755,0.32250922943341,0.109194385548731,"PkC_ss"
-0.204374068991544,0.649376874560758,0.640946543058306,0.564691606686079,-0.109483467030502,"MLI"
-0.856398118088099,-1.27035404674053,-0.807360598048182,0.0557142033279508,0.168970810771942,"PkC_ss"
-0.9155176102528,-1.17638394044029,-0.809966260530377,0.0435979498985916,0.170479058178769,"PkC_ss"
-0.915729348384411,-1.17011203550591,-0.80631124463588,0.0469201059498354,0.172825598411496,"PkC_ss"
2.488834805475,-0.138868004132218,1.46765679151524,-1.01365905446286,0.863571979317907,"PkC_cs"
0.709536144047351,-0.837112816748434,0.0654409373024655,-1.20430243917067,0.102454451710957,"PkC_cs"
2.37228159123781,0.00743130675820782,0.772796658884331,0.221581197533597,-0.809212051023097,"MLI"
0.423004534175404,-0.312227848360603,0.526169786398173,0.809029933494445,-0.129991999821796,"PkC_ss"
-0.975812664775759,-0.866310763229217,-0.68679139222309,0.0551496714791592,0.154557710370903,"PkC_ss"
-0.917746350847222,-1.17203371423541,-0.80835157922409,0.0440478419413183,0.17124199010036,"PkC_ss"
1.18456099321614,-0.563789157354166,1.15062723814451,0.994490021793478,-0.818303384271307,"PkC_cs"
1.03459229269525,-0.554558574409864,-0.348085021105135,0.11495469240158,-0.866010657034845,"PkC_cs"
1.15842152001874,-0.380180256992621,-1.04080011199644,-0.57079690895817,-0.425454682110528,"PkC_cs"
2.48682906972514,0.101029528843188,0.79690058226855,0.902433111646238,-0.707563348514907,"MFB"
-2.22129705008975,1.95697612868268,-0.272586060256535,-0.544477704344363,0.300134738650412,"PkC_ss"
-0.129826186870309,-0.0827203838120136,0.480988313389352,0.598495364790327,0.0398666063169401,"PkC_ss"
1.08064624914492,0.0161897152858359,0.675477295380794,0.53929984329213,-0.3008293245295,"PkC_ss"
-0.502985861890706,-0.345615947913041,0.0389137664341779,0.512449015861162,0.126526199879589,"PkC_ss"
1.24159928724659,-0.648363857202268,0.405657512203477,-0.10662920366294,-1.98144980724644,"PkC_cs"
1.3802487869786,-0.267222076209228,-1.06848273739361,0.156615467944566,-1.64668935849023,"PkC_cs"
-1.36389733853208,0.306075289192317,-0.386664548938771,0.0687303095546104,0.305109140522488,"MFB"
-0.0976289533703223,1.95020898846537,1.22961729087723,0.469183977546092,-0.292048005646965,"MFB"
0.22927581053269,-0.716001509506828,0.33271535240601,0.482368427285226,0.496984500932186,"PkC_ss"
-0.675382871275537,-0.68951512911695,-0.386177570772253,0.111047487860835,0.358272697538462,"PkC_ss"
-0.950991535325281,-1.02263497617599,-0.820292409136816,-0.1480955847988,0.343215111206447,"PkC_ss"
1.49108443223214,-0.536693443611242,0.110876438869984,-1.37684634260005,-0.0832189947724869,"PkC_cs"
0.947150001410763,-0.725889607131833,-1.16721727654994,-2.18444449037349,-0.102537301011635,"PkC_cs"
1.47728038072457,-0.190696483989561,0.82255438261685,0.632414067302876,-0.181835022115901,"MLI"
-0.788547581519653,-1.09575378531193,-0.609625263789082,0.171897143225246,0.161057567497673,"PkC_ss"
-0.853541355111334,-1.28129657101875,-0.812155272939116,0.0519222552389094,0.167455910739778,"PkC_ss"
2.68691664227469,0.290374796265355,-1.21532252730673,-0.709355133021899,-0.401761509508469,"PkC_cs"
-0.832015442636495,-1.27286193561164,-0.7906326774579,0.0708742008473916,0.160731691075218,"PkC_ss"
-1.11924916633477,0.239429502506455,-0.299396835393386,-0.0772876436982918,0.51111446292808,"PkC_ss"
-0.61951494130782,-0.856793016835828,-0.276834082523069,0.428763941340768,0.300860856389004,"PkC_ss"
2.34757672696358,0.153028514218288,-0.534764935893378,0.295469429804326,-0.389189585143391,"PkC_cs"
2.3517462349816,-0.516786796035716,4.86787533277402,-0.0204814485825292,1.66688287993263,"PkC_cs"
-0.656084741833969,-0.709075219053086,-0.295408404962844,0.350048203650627,0.130668137825981,"MFB"
-0.248875643932179,-0.552876035291201,0.0702174226948829,0.440988846585927,0.157864832732363,"PkC_ss"
-0.508113612204914,-1.17239658744379,-0.257895532210799,0.290685852677184,-0.0589892667689792,"MFB"
1.62116735462798,-0.316993848901774,0.829093585178182,0.867813559174504,-1.26265708264611,"PkC_cs"
0.723801254738824,-0.496735070213267,0.668265720279932,0.840965545785376,-0.278531536158976,"MLI"
1.0313560794214,-0.419158540135751,1.76021483737904,2.54774304493945,0.387453493575856,"MFB"
-1.07684249109814,-0.25831817810663,-0.429374424589333,0.206632202899071,0.18750999343718,"MLI"
-0.516282641774196,0.544448807244359,0.525717979829856,0.56367172984718,-0.163442110975234,"MFB"
-1.01139097357071,0.714220706425976,0.0681642397507352,0.0447106988334657,0.114476155262363,"PkC_ss"
-0.704417601749191,-1.21769465968722,-0.596454788571545,0.230885248770585,0.154464039057164,"PkC_ss"
-0.510593700332265,-1.05632778618098,-0.311723928940377,0.295115991796928,-0.0212021201331834,"MFB"
2.60738290719428,-0.072362305616021,-1.09432882813299,-2.65394174994642,-0.956627074994733,"PkC_cs"
-0.916867836244558,-1.03890415021776,-0.753517626401894,-0.0170643713885946,0.250202715866468,"PkC_ss"
0.020424664045757,-0.536452427301619,0.256530347631629,0.891471205370737,0.218512008330628,"MFB"
-0.895529139189167,-0.722233821705817,-0.497216823763549,0.181771624361558,0.135421183120298,"MFB"
-0.694255905860082,-0.0858768561418085,-0.032375337979089,0.299711190208391,0.0765651174599933,"PkC_ss"
0.0610852872010261,-0.835472292093672,0.261116204123137,0.634329184830445,-0.0169790759437072,"MFB"
-5.62593350256795,9.94719463265258,1.04186539236939,-1.25647562108614,0.0374140722032822,"MFB"
-0.791893141431848,0.218321354682383,0.255526104866245,0.637683746179731,0.247449024730489,"MFB"
1.77554036026173,-0.244590352485569,1.67119201912118,1.31817892204887,-0.470667668266163,"MLI"
-1.26047988131472,1.30041190596009,0.270730639147952,0.352481357849273,0.00927231968451112,"MLI"
-0.337862141085457,-1.06357910345556,-0.137268899061736,0.579402801792676,0.138024580563614,"PkC_ss"
0.35005340976635,0.374604354831095,1.59339921283523,1.8599946095218,0.330824761899878,"MFB"
-0.479144352425043,-1.03181666909079,-0.293942028952842,0.448947688939342,0.207555271412541,"PkC_ss"
1.45010454781834,-0.404659602338771,0.228608122780593,-0.336090719610378,-0.419204329623999,"PkC_cs"
-0.010316136122409,0.129028491287085,0.47440213134068,0.510064723829439,-0.159353193400864,"MLI"
-0.908720918837281,-1.11355758195332,-0.77875590408867,0.0181016272157548,0.231704172754567,"PkC_ss"
1.87705243170146,0.513595304615882,1.02476016954744,0.4329500111283,-0.607323069216174,"MFB"
-1.01847299211977,0.711748801013718,0.280784502457204,0.64200451169129,0.371653695251742,"MFB"
-7.35800860141548,12.9538206957894,1.38899574489405,-2.14567787369378,-0.0972039443343466,"MFB"
0.76701361095302,0.713975621635702,0.71035944391276,0.383166892674173,-0.28500155259303,"MLI"
-0.0364752352197072,-0.625054677655451,0.261493339391064,0.650740398519947,0.0582384129264592,"PkC_ss"
-0.668240328445055,-1.20503859782506,-0.639503686289338,0.176006955903105,0.148756994339287,"PkC_ss"
1.14682894556323,-0.336938881737684,-1.4021997774905,-0.0678278124525777,-0.141804944984516,"PkC_cs"
-1.11753112512194,2.45349934820502,0.536649805621803,0.0793930643674487,-0.0887205492514339,"MFB"
-0.849506502835639,-1.2799093494183,-0.808208206867725,0.0562040457156328,0.167157063204362,"PkC_ss"
1.23232825501541,-0.508375656516338,0.849487656947366,0.574898972486163,-0.538665758889662,"PkC_cs"
-0.85446871621399,-1.17439162396852,-0.812961377906377,-0.0846161294760353,0.319041691625396,"PkC_ss"
-0.809131897783449,-1.25570359985521,-0.742406887751407,0.112468927007657,0.17148600500717,"PkC_ss"
0.363376786643505,-0.934270694330603,-0.572195100434601,-0.918943478867166,-0.680377362284799,"PkC_cs"
0.38004157272208,-0.959819085312893,0.376737599444665,0.212328383592356,-1.97006983816942,"PkC_cs"
-0.859128742349622,-1.25198708260578,-0.797673963935955,0.0559380111429495,0.169010574742192,"PkC_ss"
2.49723627833449,-0.111304186054408,0.969586120288401,-0.987321620202176,-0.465705392517537,"PkC_cs"
-1.40518795578746,0.0496190359925352,-0.527844690331462,-0.0183973313582795,0.170138245937824,"MFB"
-0.405458839819879,0.857872485282294,0.667947762815697,0.456860692809648,-0.11834866162063,"MFB"
-0.603473601477523,0.866071277876192,0.729248428975606,0.997966512356336,0.240159748487847,"MFB"
0.10969910865684,-0.576004824066702,0.185163896284916,0.625416356876198,-0.0822613512516241,"MLI"
1.80498430713007,-0.309954513348258,0.374742346766377,-0.151453285871048,-0.859632662177291,"PkC_cs"
-1.38104932450291,1.04484232505924,-0.0518070158710047,-0.0380135137728527,0.199750767922367,"PkC_ss"
-0.438834787064314,0.19330183774623,0.221409138652599,0.516282379579926,-0.0368418130644256,"MLI"
-0.792073589447083,-1.22870758795002,-0.696810721841448,0.187179283238561,0.210050007540293,"MFB"
-1.90616933351831,2.6751555762708,0.277441901831641,-0.182841064293139,0.184202456367959,"MFB"
-2.64357421731021,2.74012361324434,-0.13850929150122,-0.392596616095164,0.151891826145191,"MFB"
0.199467794494277,-0.311856181103136,0.039813526125286,-0.353793364520842,1.10912669233017,"PkC_ss"
-0.132578258055832,-0.469758844125745,0.545812954618536,0.805600828499778,-0.168796893697754,"MFB"
-0.736605119465601,-1.23403594516403,-0.64571413174246,0.184310879892631,0.155079992848319,"MFB"
-0.934507631342586,-0.459240570613185,-0.418523461953813,0.20066570728567,0.130102221941163,"MFB"
-3.00962112949932,3.56981441355732,-0.104783971508461,-0.679553218175825,0.37930112159914,"MFB"
-3.49602555065117,4.78115599166783,0.179486545380921,-0.886413929115295,0.112394625701448,"MLI"
