method,dataset,split_type,fold,classifier,config,balanced_accuracy,accuracy,macro_f1,n_classes,n_test
wf-rf,allen_scope_neuropixel_area_subset,holdout,0,knn,default,0.07265219953617039,0.18782704489121455,0.06566231706397167,19.0,14524.0
wf-rf,allen_scope_neuropixel_area_subset,holdout,0,linear,default,0.05846505596844896,0.21633158909391353,0.03334694585760151,19.0,14524.0
wf-rf,allen_scope_neuropixel_area_subset,holdout,0,mlp,default,0.0762837291996396,0.17240429633709722,0.07051550594754237,19.0,14524.0
wf-rf,allen_scope_neuropixel_area_subset,holdout,1,knn,default,0.08441549390157242,0.1950439648281375,0.07506833818460944,18.0,10008.0
wf-rf,allen_scope_neuropixel_area_subset,holdout,1,linear,default,0.060288913510099906,0.1943445243804956,0.030192556683010473,18.0,10008.0
wf-rf,allen_scope_neuropixel_area_subset,holdout,1,mlp,default,0.09222916968007763,0.18874900079936052,0.08561627615698321,18.0,10008.0
wf-rf,allen_scope_neuropixel_area_subset,holdout,2,knn,default,0.07948127634066879,0.19916641857695744,0.07010233750598305,18.0,13436.0
wf-rf,allen_scope_neuropixel_area_subset,holdout,2,linear,default,0.056872211826152194,0.23221196784757367,0.030531918335333263,18.0,13436.0
wf-rf,allen_scope_neuropixel_area_subset,holdout,2,mlp,default,0.08221692440028638,0.1895653468294135,0.07397355501114813,18.0,13436.0
wf-rf,allen_scope_neuropixel_area_subset,holdout,3,knn,default,0.0795696942469157,0.18519540229885056,0.07347198763552892,19.0,10875.0
wf-rf,allen_scope_neuropixel_area_subset,holdout,3,linear,default,0.05232845315909197,0.17103448275862068,0.02278369388979738,19.0,10875.0
wf-rf,allen_scope_neuropixel_area_subset,holdout,3,mlp,default,0.08504283756082734,0.18602298850574714,0.08132684440878797,19.0,10875.0
wf-rf,allen_scope_neuropixel_area_subset,holdout,4,knn,default,0.08747314417401444,0.220778216136768,0.0802656865528272,19.0,12927.0
wf-rf,allen_scope_neuropixel_area_subset,holdout,4,linear,default,0.05291060121400173,0.2281271756788118,0.027652796070569474,19.0,12927.0
wf-rf,allen_scope_neuropixel_area_subset,holdout,4,mlp,default,0.09011232113251949,0.1964106134447281,0.08204457020476157,19.0,12927.0
wf-rf,allen_scope_neuropixel_area_subset,transductive,0,knn,default,0.13455217107350292,0.27788570503480653,0.14784640553257924,19.0,12354.0
wf-rf,allen_scope_neuropixel_area_subset,transductive,0,linear,default,0.05935080636044456,0.21750040472721385,0.03367860423968096,19.0,12354.0
wf-rf,allen_scope_neuropixel_area_subset,transductive,0,mlp,default,0.12546715064480407,0.2554638173870811,0.13155323408197794,19.0,12354.0
wf-rf,allen_scope_neuropixel_area_subset,transductive,1,knn,default,0.14269293611483938,0.28322810425773026,0.15881525533292293,19.0,12354.0
wf-rf,allen_scope_neuropixel_area_subset,transductive,1,linear,default,0.05607656561668873,0.2127246236036911,0.029728518803245802,19.0,12354.0
wf-rf,allen_scope_neuropixel_area_subset,transductive,1,mlp,default,0.13579902546840036,0.2535211267605634,0.14455756773800016,19.0,12354.0
wf-rf,allen_scope_neuropixel_area_subset,transductive,2,knn,default,0.13991270360772576,0.2813663590739841,0.15382164301601864,19.0,12354.0
wf-rf,allen_scope_neuropixel_area_subset,transductive,2,linear,default,0.06026972265379151,0.21555771410069613,0.03636229273944669,19.0,12354.0
wf-rf,allen_scope_neuropixel_area_subset,transductive,2,mlp,default,0.12045392473725657,0.2540067994171928,0.12443127298706724,19.0,12354.0
wf-rf,allen_scope_neuropixel_area_subset,transductive,3,knn,default,0.13903737582183556,0.28282337704387245,0.15419835046229577,19.0,12354.0
wf-rf,allen_scope_neuropixel_area_subset,transductive,3,linear,default,0.060113504115538424,0.21571960498623927,0.035555341881894104,19.0,12354.0
wf-rf,allen_scope_neuropixel_area_subset,transductive,3,mlp,default,0.12745295636462206,0.2569208353569694,0.12925573979091062,19.0,12354.0
wf-rf,allen_scope_neuropixel_area_subset,transductive,4,knn,default,0.13383231298159867,0.28007123198963896,0.14546157700535275,19.0,12354.0
wf-rf,allen_scope_neuropixel_area_subset,transductive,4,linear,default,0.06016241397651056,0.21903836813987373,0.03527101951863255,19.0,12354.0
wf-rf,allen_scope_neuropixel_area_subset,transductive,4,mlp,default,0.13919115315036587,0.25505909017322326,0.15049717375022595,19.0,12354.0
wf-rf,ibl_brainwide_good,holdout,0,knn,default,0.2876085241066622,0.4215481171548117,0.27138587794499414,10.0,10516.0
wf-rf,ibl_brainwide_good,holdout,0,linear,default,0.22603528535770173,0.36373145682769115,0.20217953945870554,10.0,10516.0
wf-rf,ibl_brainwide_good,holdout,0,mlp,default,0.30313303875665787,0.45368961582350703,0.28060179959692194,10.0,10516.0
wf-rf,ibl_brainwide_good,holdout,1,knn,default,0.2651449255205464,0.38114043536890774,0.24815069855161082,10.0,10382.0
wf-rf,ibl_brainwide_good,holdout,1,linear,default,0.20329947696245781,0.3260450780196494,0.17157907950463006,10.0,10382.0
wf-rf,ibl_brainwide_good,holdout,1,mlp,default,0.2792438527664812,0.40579849739934504,0.25578998448024426,10.0,10382.0
wf-rf,ibl_brainwide_good,holdout,2,knn,default,0.2707379158021145,0.4064222845536319,0.2602292466568067,10.0,10339.0
wf-rf,ibl_brainwide_good,holdout,2,linear,default,0.21417353474772235,0.3495502466389399,0.1897171717729564,10.0,10339.0
wf-rf,ibl_brainwide_good,holdout,2,mlp,default,0.28648586462036285,0.4395009188509527,0.2744286669332968,10.0,10339.0
wf-rf,ibl_brainwide_good,holdout,3,knn,default,0.2753705419816037,0.42770970782280865,0.26232288947027566,10.0,10610.0
wf-rf,ibl_brainwide_good,holdout,3,linear,default,0.21748413902247968,0.38416588124410933,0.19551485576138353,10.0,10610.0
wf-rf,ibl_brainwide_good,holdout,3,mlp,default,0.2884758093506427,0.45098963242224316,0.2721197727506487,10.0,10610.0
wf-rf,ibl_brainwide_good,holdout,4,knn,default,0.26362558622394283,0.37656581229523994,0.24983271410815133,10.0,10378.0
wf-rf,ibl_brainwide_good,holdout,4,linear,default,0.20714645761495962,0.30950086721911735,0.17613251951928244,10.0,10378.0
wf-rf,ibl_brainwide_good,holdout,4,mlp,default,0.2828594883336467,0.40479861244941223,0.26411003234546765,10.0,10378.0
wf-rf,ibl_brainwide_good,transductive,0,knn,default,0.27874515698617947,0.40547498498240797,0.27039768574683676,10.0,11653.0
wf-rf,ibl_brainwide_good,transductive,0,linear,default,0.2141356669331438,0.34617695014159444,0.18897793056981024,10.0,11653.0
wf-rf,ibl_brainwide_good,transductive,0,mlp,default,0.30176738197992825,0.4334506135759032,0.28416389220286176,10.0,11653.0
wf-rf,ibl_brainwide_good,transductive,1,knn,default,0.2801879177387848,0.40550978372811536,0.273262663804471,10.0,11652.0
wf-rf,ibl_brainwide_good,transductive,1,linear,default,0.21750566598337243,0.34946790250600757,0.1922097857575348,10.0,11652.0
wf-rf,ibl_brainwide_good,transductive,1,mlp,default,0.2972821574529535,0.4309131479574322,0.2798272909592236,10.0,11652.0
wf-rf,ibl_brainwide_good,transductive,2,knn,default,0.2761293966836885,0.4015619636113972,0.2666502245313376,10.0,11652.0
wf-rf,ibl_brainwide_good,transductive,2,linear,default,0.21765777505487477,0.34946790250600757,0.19249271790534997,10.0,11652.0
wf-rf,ibl_brainwide_good,transductive,2,mlp,default,0.2964716993498052,0.4338311019567456,0.286742971011657,10.0,11652.0
wf-rf,ibl_brainwide_good,transductive,3,knn,default,0.28224414627031114,0.4097150703741847,0.2731764031214214,10.0,11652.0
wf-rf,ibl_brainwide_good,transductive,3,linear,default,0.21121116771397896,0.34157226227257126,0.18560380420231204,10.0,11652.0
wf-rf,ibl_brainwide_good,transductive,3,mlp,default,0.29464289101043567,0.4322863027806385,0.285525251429202,10.0,11652.0
wf-rf,ibl_brainwide_good,transductive,4,knn,default,0.2776294716555166,0.40542396155166494,0.26757298388007766,10.0,11652.0
wf-rf,ibl_brainwide_good,transductive,4,linear,default,0.21213003855298634,0.34148644009612084,0.1869187042621131,10.0,11652.0
wf-rf,ibl_brainwide_good,transductive,4,mlp,default,0.2863891096404482,0.4239615516649502,0.27589108071110474,10.0,11652.0
hippie,allen_scope_neuropixel_area_subset,holdout,0,knn,default,0.3050687779669853,0.42718189052966665,0.2920420740160385,19.0,11309.0
hippie,allen_scope_neuropixel_area_subset,holdout,0,linear,default,0.19228801017150476,0.40472190290918736,0.14979251885555578,19.0,11309.0
hippie,allen_scope_neuropixel_area_subset,holdout,0,mlp,default,0.3070471103121325,0.4427447165974003,0.27255905014673976,19.0,11309.0
hippie,allen_scope_neuropixel_area_subset,holdout,1,knn,default,0.3365160766424774,0.4469709407322279,0.31077403912681634,18.0,12182.0
hippie,allen_scope_neuropixel_area_subset,holdout,1,linear,default,0.2979687086880211,0.47980627154818584,0.24862417399402048,18.0,12182.0
hippie,allen_scope_neuropixel_area_subset,holdout,1,mlp,default,0.34194893730980785,0.5104252175340667,0.30738930499355216,18.0,12182.0
hippie,allen_scope_neuropixel_area_subset,holdout,2,knn,default,0.2828274646272257,0.29566886422431776,0.2721669008623407,19.0,11983.0
hippie,allen_scope_neuropixel_area_subset,holdout,2,linear,default,0.17749585610004107,0.32980055078027204,0.130530800496123,19.0,11983.0
hippie,allen_scope_neuropixel_area_subset,holdout,2,mlp,default,0.2837314085340117,0.4022365017107569,0.24672186434035814,19.0,11983.0
hippie,allen_scope_neuropixel_area_subset,holdout,3,knn,default,0.2920989723331558,0.3276893203883495,0.2849651136007705,19.0,12875.0
hippie,allen_scope_neuropixel_area_subset,holdout,3,linear,default,0.1858574809033429,0.3489708737864078,0.13756253056833936,19.0,12875.0
hippie,allen_scope_neuropixel_area_subset,holdout,3,mlp,default,0.2721746653150215,0.4267961165048544,0.23321773281632474,19.0,12875.0
hippie,allen_scope_neuropixel_area_subset,holdout,4,knn,default,0.29680208991993223,0.31077244882713284,0.28844182889404163,19.0,13386.0
hippie,allen_scope_neuropixel_area_subset,holdout,4,linear,default,0.20011658867779483,0.3565665620797849,0.1557413447416728,19.0,13386.0
hippie,allen_scope_neuropixel_area_subset,holdout,4,mlp,default,0.28273096217741744,0.40019423278051697,0.22985284522293004,19.0,13386.0
hippie,allen_scope_neuropixel_area_subset,transductive,0,knn,default,0.13105470582192894,0.24633573568710018,0.13981231118757662,19.0,12349.0
hippie,allen_scope_neuropixel_area_subset,transductive,0,linear,default,0.08352483928261788,0.23329824277269415,0.072854335415087,19.0,12349.0
hippie,allen_scope_neuropixel_area_subset,transductive,0,mlp,default,0.13420650095140435,0.2690096364078063,0.1350297245319502,19.0,12349.0
hippie,allen_scope_neuropixel_area_subset,transductive,1,knn,default,0.12231705551548208,0.22330175694275767,0.13105696711435097,19.0,12351.0
hippie,allen_scope_neuropixel_area_subset,transductive,1,linear,default,0.07027280253795515,0.22103473402963322,0.05483948486981631,19.0,12351.0
hippie,allen_scope_neuropixel_area_subset,transductive,1,mlp,default,0.11883527060504159,0.25868350740830703,0.10816572299899281,19.0,12351.0
hippie,allen_scope_neuropixel_area_subset,transductive,2,knn,default,0.1424998705722807,0.24977720165275866,0.15597814990883035,19.0,12343.0
hippie,allen_scope_neuropixel_area_subset,transductive,2,linear,default,0.0712202726915772,0.22296038240298144,0.05242880744420614,19.0,12343.0
hippie,allen_scope_neuropixel_area_subset,transductive,2,mlp,default,0.13325049072112755,0.27375840557400954,0.13160455709037452,19.0,12343.0
hippie,allen_scope_neuropixel_area_subset,transductive,3,knn,default,0.15774122967935064,0.2550846770926181,0.17148309234316728,19.0,12341.0
hippie,allen_scope_neuropixel_area_subset,transductive,3,linear,default,0.07795835678719279,0.22477919131350782,0.05861202474612422,19.0,12341.0
hippie,allen_scope_neuropixel_area_subset,transductive,3,mlp,default,0.1854369676573801,0.2968154930718742,0.18674170651809055,19.0,12341.0
hippie,allen_scope_neuropixel_area_subset,transductive,4,knn,default,0.1391953831548982,0.18411464658732085,0.13891906100219498,19.0,12351.0
hippie,allen_scope_neuropixel_area_subset,transductive,4,linear,default,0.06537483132747231,0.21917253663670958,0.046454119927751406,19.0,12351.0
hippie,allen_scope_neuropixel_area_subset,transductive,4,mlp,default,0.13752365467404934,0.26920897093352764,0.1368612775615674,19.0,12351.0
hippie,ibl_brainwide_good,holdout,0,knn,default,0.28675586001431114,0.4018856806128462,0.28335651255235306,10.0,13576.0
hippie,ibl_brainwide_good,holdout,0,linear,default,0.23160050386720316,0.34457866823806715,0.20771826312681557,10.0,13576.0
hippie,ibl_brainwide_good,holdout,0,mlp,default,0.31671951327573655,0.4467442545668827,0.30908186929222553,10.0,13576.0
hippie,ibl_brainwide_good,holdout,1,knn,default,0.2969777179585825,0.433196137406997,0.28568221851084524,10.0,12634.0
hippie,ibl_brainwide_good,holdout,1,linear,default,0.2640009535172,0.40897577964223525,0.24400644299534785,10.0,12634.0
hippie,ibl_brainwide_good,holdout,1,mlp,default,0.3233716986364836,0.4674687351590945,0.3105343371552646,10.0,12634.0
hippie,ibl_brainwide_good,holdout,2,linear,default,0.24153642337991726,0.34440917107583774,0.21350981608038072,10.0,14175.0
hippie,ibl_brainwide_good,holdout,2,mlp,default,0.316506290095422,0.43421516754850087,0.3051572999087474,10.0,14175.0
hippie,ibl_brainwide_good,holdout,3,knn,default,0.28092874538244084,0.4104967197750703,0.26231482882939255,10.0,9603.0
hippie,ibl_brainwide_good,holdout,3,linear,default,0.25092009742429866,0.38102676247006145,0.21514766451582693,10.0,9603.0
hippie,ibl_brainwide_good,holdout,3,mlp,default,0.31838178272087286,0.45215036967614286,0.29763176816016135,10.0,9603.0
hippie,ibl_brainwide_good,holdout,4,knn,default,0.28293840469344245,0.41348471887394045,0.27446353498324527,10.0,12859.0
hippie,ibl_brainwide_good,holdout,4,linear,default,0.2294958898996892,0.3741348471887394,0.21308649686639597,10.0,12859.0
hippie,ibl_brainwide_good,holdout,4,mlp,default,0.3123115284151169,0.44871296368302355,0.30173621229936937,10.0,12859.0
hippie,ibl_brainwide_good,transductive,0,knn,default,0.2957399641951077,0.42050956425113106,0.29101469826859716,10.0,12599.0
hippie,ibl_brainwide_good,transductive,0,linear,default,0.22144000098936173,0.34978966584649573,0.19905345773182428,10.0,12599.0
hippie,ibl_brainwide_good,transductive,0,mlp,default,0.3196651037438544,0.4566235415509167,0.31344224383906777,10.0,12599.0
hippie,ibl_brainwide_good,transductive,1,knn,default,0.2695218980411328,0.38725295658385583,0.2620916288306738,10.0,12599.0
hippie,ibl_brainwide_good,transductive,1,linear,default,0.19093982480188726,0.31097706167156125,0.16484885629238716,10.0,12599.0
hippie,ibl_brainwide_good,transductive,1,mlp,default,0.27728841004960225,0.4034447178347488,0.26252102882900374,10.0,12599.0
hippie,ibl_brainwide_good,transductive,2,knn,default,0.2859156626993286,0.411143741566791,0.27912669384766065,10.0,12599.0
hippie,ibl_brainwide_good,transductive,2,linear,default,0.20562366444747066,0.3342328756250496,0.17471208289255452,10.0,12599.0
hippie,ibl_brainwide_good,transductive,2,mlp,default,0.2999159788002904,0.43233589967457736,0.291683594588926,10.0,12599.0
hippie,ibl_brainwide_good,transductive,3,knn,default,0.25339084539566764,0.3641847912367042,0.24715153185228625,10.0,12598.0
hippie,ibl_brainwide_good,transductive,3,linear,default,0.18445214992091583,0.29695189712652803,0.16528228044214943,10.0,12598.0
hippie,ibl_brainwide_good,transductive,3,mlp,default,0.2681909696969621,0.39276075567550406,0.26162314626537214,10.0,12598.0
hippie,ibl_brainwide_good,transductive,4,knn,default,0.2979389902361817,0.4230830290522305,0.29211790492436934,10.0,12598.0
hippie,ibl_brainwide_good,transductive,4,linear,default,0.221996629162328,0.34775361168439434,0.19504052351421428,10.0,12598.0
hippie,ibl_brainwide_good,transductive,4,mlp,default,0.3091362246778045,0.4497539291951103,0.30069907881304697,10.0,12598.0
hippie_regioncond,allen_scope_neuropixel_area_subset,holdout,0,knn,regioncond,0.309772250236893,0.4247059863825272,0.2990776780550463,19.0,11309.0
hippie_regioncond,allen_scope_neuropixel_area_subset,holdout,0,linear,regioncond,0.1375176977953906,0.35520381996639844,0.09276502179845372,19.0,11309.0
hippie_regioncond,allen_scope_neuropixel_area_subset,holdout,0,mlp,regioncond,0.30559153739077943,0.4409762136351578,0.27323401126699826,19.0,11309.0
hippie_regioncond,allen_scope_neuropixel_area_subset,holdout,1,knn,regioncond,0.32752121745666085,0.43482186833032344,0.30792664070917725,18.0,12182.0
hippie_regioncond,allen_scope_neuropixel_area_subset,holdout,1,linear,regioncond,0.2636787156627952,0.4550155967821376,0.2171309933333881,18.0,12182.0
hippie_regioncond,allen_scope_neuropixel_area_subset,holdout,1,mlp,regioncond,0.32110532782598505,0.4856345427680184,0.2945754459422718,18.0,12182.0
hippie_regioncond,allen_scope_neuropixel_area_subset,holdout,2,knn,regioncond,0.33301403810407704,0.3615955937578236,0.31935633968132143,19.0,11983.0
hippie_regioncond,allen_scope_neuropixel_area_subset,holdout,2,linear,regioncond,0.2907078380037634,0.42243177835266627,0.2465723555042146,19.0,11983.0
hippie_regioncond,allen_scope_neuropixel_area_subset,holdout,2,mlp,regioncond,0.35839779763534874,0.48243344738379373,0.3206386226795678,19.0,11983.0
hippie_regioncond,allen_scope_neuropixel_area_subset,holdout,3,knn,regioncond,0.3347867341144967,0.46920388349514563,0.3326987641003144,19.0,12875.0
hippie_regioncond,allen_scope_neuropixel_area_subset,holdout,3,linear,regioncond,0.22247078130630416,0.4097087378640777,0.17767279549862786,19.0,12875.0
hippie_regioncond,allen_scope_neuropixel_area_subset,holdout,3,mlp,regioncond,0.34001859798870493,0.5090485436893204,0.31335042778487204,19.0,12875.0
hippie_regioncond,allen_scope_neuropixel_area_subset,holdout,4,knn,regioncond,0.28781211591243866,0.35701479157328553,0.2812376110340681,19.0,13386.0
hippie_regioncond,allen_scope_neuropixel_area_subset,holdout,4,linear,regioncond,0.19624247249682508,0.3253399073659047,0.15820913155929905,19.0,13386.0
hippie_regioncond,allen_scope_neuropixel_area_subset,holdout,4,mlp,regioncond,0.30370176719579145,0.41431346182578815,0.2661903408028519,19.0,13386.0
hippie_regioncond,allen_scope_neuropixel_area_subset,transductive,0,knn,regioncond,0.31171636671890746,0.4116932545145356,0.3089893423722657,19.0,12349.0
hippie_regioncond,allen_scope_neuropixel_area_subset,transductive,0,linear,regioncond,0.26806082526429426,0.4102356466110616,0.231909631589549,19.0,12349.0
hippie_regioncond,allen_scope_neuropixel_area_subset,transductive,0,mlp,regioncond,0.3222085691798536,0.4580127945582638,0.3082038689382744,19.0,12349.0
hippie_regioncond,allen_scope_neuropixel_area_subset,transductive,1,knn,regioncond,0.3303635083047298,0.36086146870698727,0.32983342189475123,19.0,12351.0
hippie_regioncond,allen_scope_neuropixel_area_subset,transductive,1,linear,regioncond,0.2683521269573685,0.4117885191482471,0.22458957028931792,19.0,12351.0
hippie_regioncond,allen_scope_neuropixel_area_subset,transductive,1,mlp,regioncond,0.3260186453835979,0.47089304509756297,0.3038331627674169,19.0,12351.0
hippie_regioncond,allen_scope_neuropixel_area_subset,transductive,2,knn,regioncond,0.3333116685108598,0.4467309406141133,0.33150372929435734,19.0,12343.0
hippie_regioncond,allen_scope_neuropixel_area_subset,transductive,2,linear,regioncond,0.2770549944654796,0.4279348618650247,0.239052452003073,19.0,12343.0
hippie_regioncond,allen_scope_neuropixel_area_subset,transductive,2,mlp,regioncond,0.3356234570827619,0.4798671311674633,0.31367383654248904,19.0,12343.0
hippie_regioncond,allen_scope_neuropixel_area_subset,transductive,3,knn,regioncond,0.3368051557779211,0.4442103557248197,0.3369794906690772,19.0,12341.0
hippie_regioncond,allen_scope_neuropixel_area_subset,transductive,3,linear,regioncond,0.27951299704869803,0.42800421359695323,0.22922853871419152,19.0,12341.0
hippie_regioncond,allen_scope_neuropixel_area_subset,transductive,3,mlp,regioncond,0.3196341351209851,0.4634146341463415,0.2906352145783079,19.0,12341.0
hippie_regioncond,allen_scope_neuropixel_area_subset,transductive,4,knn,regioncond,0.3317815183305932,0.35972795725042506,0.33289689036286463,19.0,12351.0
hippie_regioncond,allen_scope_neuropixel_area_subset,transductive,4,linear,regioncond,0.2897645236860029,0.4445793862845114,0.25110015330737345,19.0,12351.0
hippie_regioncond,allen_scope_neuropixel_area_subset,transductive,4,mlp,regioncond,0.3351862557555632,0.4824710549753056,0.31265512571731113,19.0,12351.0
nemo,allen_scope_neuropixel_area_subset,holdout,0,knn,default,0.06971848183698146,0.16038543897216273,0.06134034520657164,18.0,9340.0
nemo,allen_scope_neuropixel_area_subset,holdout,0,knn_best,default,0.0697184818369814,,,,9340.0
nemo,allen_scope_neuropixel_area_subset,holdout,0,linear,default,0.058163403850942194,0.18843683083511778,0.036219811618824135,18.0,9340.0
nemo,allen_scope_neuropixel_area_subset,holdout,0,mlp,default,0.06539093794922389,0.1949678800856531,0.05051179973626887,18.0,9340.0
nemo,allen_scope_neuropixel_area_subset,holdout,1,knn,default,0.06749089057299937,0.16743240189801914,0.059787413842307895,19.0,13277.0
nemo,allen_scope_neuropixel_area_subset,holdout,1,knn_best,default,0.0674908905729993,,,,13277.0
nemo,allen_scope_neuropixel_area_subset,holdout,1,linear,default,0.06588987215892007,0.19868946298109513,0.04593752854895767,19.0,13277.0
nemo,allen_scope_neuropixel_area_subset,holdout,1,mlp,default,0.06676971315722434,0.19921669051743618,0.04687934816640823,19.0,13277.0
nemo,allen_scope_neuropixel_area_subset,holdout,2,knn,default,0.07580565114857626,0.18299488451402884,0.06683467934542238,18.0,12902.0
nemo,allen_scope_neuropixel_area_subset,holdout,2,knn_best,default,0.0758056511485762,,,,12902.0
nemo,allen_scope_neuropixel_area_subset,holdout,2,linear,default,0.06844041405318341,0.21477290342582545,0.05018544782328743,18.0,12902.0
nemo,allen_scope_neuropixel_area_subset,holdout,2,mlp,default,0.06460879104977778,0.21492791815222445,0.043021539427231775,18.0,12902.0
nemo,allen_scope_neuropixel_area_subset,holdout,3,knn,default,0.06977724917931905,0.20107871228720714,0.06650138540758144,19.0,11866.0
nemo,allen_scope_neuropixel_area_subset,holdout,3,knn_best,default,0.069777249179319,,,,11866.0
nemo,allen_scope_neuropixel_area_subset,holdout,3,linear,default,0.06267971600781272,0.24599696612169222,0.048131482126075695,19.0,11866.0
nemo,allen_scope_neuropixel_area_subset,holdout,3,mlp,default,0.06570787485054193,0.23428282487780214,0.05520634237055321,19.0,11866.0
nemo,allen_scope_neuropixel_area_subset,holdout,4,knn,default,0.07070997032416837,0.18088286409454293,0.06445085993187147,19.0,14385.0
nemo,allen_scope_neuropixel_area_subset,holdout,4,knn_best,default,0.0707099703241683,,,,14385.0
nemo,allen_scope_neuropixel_area_subset,holdout,4,linear,default,0.06477948053637562,0.2064650677789364,0.04736649402023739,19.0,14385.0
nemo,allen_scope_neuropixel_area_subset,holdout,4,mlp,default,0.06533778486982644,0.20145985401459854,0.04726916391769069,19.0,14385.0
nemo,allen_scope_neuropixel_area_subset,transductive,0,knn,default,0.08141564803070402,0.13793103448275862,0.08136043657025709,19.0,12354.0
nemo,allen_scope_neuropixel_area_subset,transductive,0,knn_best,default,0.081415648030704,0.1379310344827586,,,12354.0
nemo,allen_scope_neuropixel_area_subset,transductive,0,linear,default,0.06771448288903939,0.22575683988991418,0.05098430254476653,19.0,12354.0
nemo,allen_scope_neuropixel_area_subset,transductive,0,mlp,default,0.07289231583073719,0.22729480330257407,0.05988994441551336,19.0,12354.0
nemo,allen_scope_neuropixel_area_subset,transductive,1,knn,default,0.08583021417544853,0.14197830662133723,0.0856040826775861,19.0,12354.0
nemo,allen_scope_neuropixel_area_subset,transductive,1,knn_best,default,0.0858302141754485,0.1419783066213372,,,12354.0
nemo,allen_scope_neuropixel_area_subset,transductive,1,linear,default,0.06811198644682744,0.2277804759592035,0.05113362651861788,19.0,12354.0
nemo,allen_scope_neuropixel_area_subset,transductive,1,mlp,default,0.06610106525999987,0.2266472397604015,0.04537838706076252,19.0,12354.0
nemo,allen_scope_neuropixel_area_subset,transductive,2,knn,default,0.08425463978307111,0.13825481625384492,0.08409773575207172,19.0,12354.0
nemo,allen_scope_neuropixel_area_subset,transductive,2,knn_best,default,0.0842546397830711,0.1382548162538449,,,12354.0
nemo,allen_scope_neuropixel_area_subset,transductive,2,linear,default,0.06943580659021219,0.22883276671523392,0.0536483523809006,19.0,12354.0
nemo,allen_scope_neuropixel_area_subset,transductive,2,mlp,default,0.06220559293941469,0.21952404079650314,0.04125685703164949,19.0,12354.0
nemo,allen_scope_neuropixel_area_subset,transductive,3,knn,default,0.08578366186152646,0.1426258701635098,0.08570193009133577,19.0,12354.0
nemo,allen_scope_neuropixel_area_subset,transductive,3,knn_best,default,0.0857836618615264,0.1426258701635098,,,12354.0
nemo,allen_scope_neuropixel_area_subset,transductive,3,linear,default,0.06629684097099184,0.22567589444714262,0.048361257445204454,19.0,12354.0
nemo,allen_scope_neuropixel_area_subset,transductive,3,mlp,default,0.071980293135396,0.2266472397604015,0.05671941562338907,19.0,12354.0
nemo,allen_scope_neuropixel_area_subset,transductive,4,knn,default,0.08571363014570318,0.1362311801845556,0.08559650702679496,19.0,12354.0
nemo,allen_scope_neuropixel_area_subset,transductive,4,knn_best,default,0.0857136301457031,0.1362311801845556,,,12354.0
nemo,allen_scope_neuropixel_area_subset,transductive,4,linear,default,0.0699582015763419,0.22931843937186336,0.05414296284368982,19.0,12354.0
nemo,allen_scope_neuropixel_area_subset,transductive,4,mlp,default,0.0718526136526981,0.2214667314230209,0.05866999261192216,19.0,12354.0
nemo,ibl_brainwide_good,holdout,0,knn,default,0.3328612966001069,0.46261969603795133,0.3200132155114545,10.0,11383.0
nemo,ibl_brainwide_good,holdout,0,knn_best,default,0.3328612966001069,,,,11383.0
nemo,ibl_brainwide_good,holdout,0,linear,default,0.34197539459439763,0.480277606957744,0.32833340803203026,10.0,11383.0
nemo,ibl_brainwide_good,holdout,0,mlp,default,0.3479340109983996,0.47966265483615916,0.3373376833005984,10.0,11383.0
nemo,ibl_brainwide_good,holdout,1,knn,default,0.3210967180125296,0.45257013134425167,0.30839800521348987,10.0,12334.0
nemo,ibl_brainwide_good,holdout,1,knn_best,default,0.3210967180125296,,,,12334.0
nemo,ibl_brainwide_good,holdout,1,linear,default,0.3272321392965796,0.4654613264147884,0.3144548686110874,10.0,12334.0
nemo,ibl_brainwide_good,holdout,1,mlp,default,0.33450192393732747,0.4703259283281985,0.3272081983544702,10.0,12334.0
nemo,ibl_brainwide_good,holdout,2,knn,default,0.317377740523359,0.446761703625484,0.30264291910074304,10.0,11364.0
nemo,ibl_brainwide_good,holdout,2,knn_best,default,0.317377740523359,,,,11364.0
nemo,ibl_brainwide_good,holdout,2,linear,default,0.3358835057190016,0.4758887715593101,0.32196253268839853,10.0,11364.0
nemo,ibl_brainwide_good,holdout,2,mlp,default,0.3344805939695198,0.4728968673002464,0.3207249108743807,10.0,11364.0
nemo,ibl_brainwide_good,holdout,3,knn,default,0.32568392682580716,0.44876357331873346,0.3121964125321008,10.0,10959.0
nemo,ibl_brainwide_good,holdout,3,knn_best,default,0.3256839268258071,,,,10959.0
nemo,ibl_brainwide_good,holdout,3,linear,default,0.3310701638026611,0.46181220914317,0.3184635948937734,10.0,10959.0
nemo,ibl_brainwide_good,holdout,3,mlp,default,0.3374462327818284,0.4665571676247833,0.32890214457854927,10.0,10959.0
nemo,ibl_brainwide_good,holdout,4,knn,default,0.3227358657345175,0.46733877687052156,0.31488830630735315,10.0,12002.0
nemo,ibl_brainwide_good,holdout,4,knn_best,default,0.3227358657345175,,,,12002.0
nemo,ibl_brainwide_good,holdout,4,linear,default,0.3325424382921518,0.48583569405099153,0.3230722097004454,10.0,12002.0
nemo,ibl_brainwide_good,holdout,4,mlp,default,0.33663974418670006,0.48625229128478586,0.3294751859763045,10.0,12002.0
nemo,ibl_brainwide_good,transductive,0,knn,default,0.33950664028002564,0.4748133527846906,0.3294591331325648,10.0,11653.0
nemo,ibl_brainwide_good,transductive,0,knn_best,default,0.3395066402800256,0.3776709860121857,,,11653.0
nemo,ibl_brainwide_good,transductive,0,linear,default,0.3453303141979206,0.490689092937441,0.333550030564356,10.0,11653.0
nemo,ibl_brainwide_good,transductive,0,mlp,default,0.35440261764250497,0.49686775937526817,0.34239655112164,10.0,11653.0
nemo,ibl_brainwide_good,transductive,1,knn,default,0.3397850412114174,0.4736525918297288,0.33081612338941035,10.0,11652.0
nemo,ibl_brainwide_good,transductive,1,knn_best,default,0.3397850412114174,0.3670614486783385,,,11652.0
nemo,ibl_brainwide_good,transductive,1,linear,default,0.34380922877011616,0.48541023000343286,0.332493134506954,10.0,11652.0
nemo,ibl_brainwide_good,transductive,1,mlp,default,0.3419500281512219,0.4813765877102643,0.3321603491551671,10.0,11652.0
nemo,ibl_brainwide_good,transductive,2,knn,default,0.1,0.1321880219518015,0.0233508956796628,10.0,12573.0
nemo,ibl_brainwide_good,transductive,2,knn_best,default,0.1,0.1321880219518015,,,12573.0
nemo,ibl_brainwide_good,transductive,2,linear,default,0.33724122033307924,0.48043254376931,0.32593087203563964,10.0,11652.0
nemo,ibl_brainwide_good,transductive,2,mlp,default,0.34610212421333364,0.48695502917954,0.33546510250542083,10.0,11652.0
nemo,ibl_brainwide_good,transductive,3,knn,default,0.33872146622167376,0.4742533470648816,0.3292266855571958,10.0,11652.0
nemo,ibl_brainwide_good,transductive,3,knn_best,default,0.3387214662216737,0.3759011328527291,,,11652.0
nemo,ibl_brainwide_good,transductive,3,linear,default,0.34302850428979814,0.4837796086508754,0.33243929369869096,10.0,11652.0
nemo,ibl_brainwide_good,transductive,3,mlp,default,0.34556448539299983,0.4840370751802266,0.33905482486085414,10.0,11652.0
nemo,ibl_brainwide_good,transductive,4,knn,default,0.33480747909791225,0.47107792653621694,0.3242334573686251,10.0,11652.0
nemo,ibl_brainwide_good,transductive,4,knn_best,default,0.3348074790979122,0.3716100240302094,,,11652.0
nemo,ibl_brainwide_good,transductive,4,linear,default,0.3424206545370506,0.4848094747682801,0.33035858032796755,10.0,11652.0
nemo,ibl_brainwide_good,transductive,4,mlp,default,0.34580762831694123,0.4888431170614487,0.33885226206752117,10.0,11652.0
pca_acg,allen_scope_neuropixel_area_subset,holdout,0,knn_best,default,0.155442877515449,0.155442877515449,,,12622.0
pca_acg,allen_scope_neuropixel_area_subset,holdout,1,knn_best,default,0.167327446386736,0.167327446386736,,,11098.0
pca_acg,allen_scope_neuropixel_area_subset,holdout,2,knn_best,default,0.170400543109301,0.170400543109301,,,11784.0
pca_acg,allen_scope_neuropixel_area_subset,holdout,3,knn_best,default,0.181563324538259,0.181563324538259,,,12128.0
pca_acg,allen_scope_neuropixel_area_subset,holdout,4,knn_best,default,0.170956534070765,0.170956534070765,,,14103.0
pca_acg,allen_scope_neuropixel_area_subset,transductive,0,knn_best,default,0.0904703545058921,,,,
pca_acg,allen_scope_neuropixel_area_subset,transductive,0,knn_cv_mean,cv_recomputed,0.090472479604457,,0.09462289143188576,,
pca_acg,ibl_brainwide_good,holdout,0,knn_best,default,0.347441793618856,0.347441793618856,,,13916.0
pca_acg,ibl_brainwide_good,holdout,1,knn_best,default,0.357203994293866,0.357203994293866,,,10515.0
pca_acg,ibl_brainwide_good,holdout,2,knn_best,default,0.361516553933784,0.361516553933784,,,11236.0
pca_acg,ibl_brainwide_good,holdout,3,knn_best,default,0.380987232658372,0.380987232658372,,,12297.0
pca_acg,ibl_brainwide_good,holdout,4,knn_best,default,0.367233835683034,0.367233835683034,,,10285.0
pca_acg,ibl_brainwide_good,transductive,0,knn_best,default,0.221175458745749,,,,
pca_acg,ibl_brainwide_good,transductive,0,knn_cv_mean,cv_recomputed,0.2211758082961876,,0.2161724186885373,,
pca_isi,allen_scope_neuropixel_area_subset,holdout,0,knn_best,default,0.120900015845349,0.120900015845349,,,12622.0
pca_isi,allen_scope_neuropixel_area_subset,holdout,1,knn_best,default,0.155703730401874,0.155703730401874,,,11098.0
pca_isi,allen_scope_neuropixel_area_subset,holdout,2,knn_best,default,0.160217243720299,0.160217243720299,,,11784.0
pca_isi,allen_scope_neuropixel_area_subset,holdout,3,knn_best,default,0.197971635883905,0.197971635883905,,,12128.0
pca_isi,allen_scope_neuropixel_area_subset,holdout,4,knn_best,default,0.112458342196696,0.112458342196696,,,14103.0
pca_isi,allen_scope_neuropixel_area_subset,transductive,0,knn_best,default,0.0771722464643178,,,,
pca_isi,allen_scope_neuropixel_area_subset,transductive,0,knn_cv_mean,cv_recomputed,0.07717288717657939,,0.07778651691576972,,
pca_isi,ibl_brainwide_good,holdout,0,knn_best,default,0.356136820925553,0.356136820925553,,,13916.0
pca_isi,ibl_brainwide_good,holdout,1,knn_best,default,0.370423204945316,0.370423204945316,,,10515.0
pca_isi,ibl_brainwide_good,holdout,2,knn_best,default,0.371573513705945,0.371573513705945,,,11236.0
pca_isi,ibl_brainwide_good,holdout,3,knn_best,default,0.387086281206798,0.387086281206798,,,12297.0
pca_isi,ibl_brainwide_good,holdout,4,knn_best,default,0.372873116188624,0.372873116188624,,,10285.0
pca_isi,ibl_brainwide_good,transductive,0,knn_best,default,0.233547609535763,,,,
pca_isi,ibl_brainwide_good,transductive,0,knn_cv_mean,cv_recomputed,0.23354712312320164,,0.22738021420314225,,
pca_isi_inductive,allen_scope_neuropixel_area_subset,holdout,0,knn_best,default,0.143126513622722,0.143126513622722,,,12622.0
pca_isi_inductive,allen_scope_neuropixel_area_subset,holdout,1,knn_best,default,0.175919305741503,0.175919305741503,,,11098.0
pca_isi_inductive,allen_scope_neuropixel_area_subset,holdout,2,knn_best,default,0.168904107297313,0.168904107297313,,,11738.0
pca_isi_inductive,allen_scope_neuropixel_area_subset,holdout,3,knn_best,default,0.157216997956395,0.157216997956395,,,12128.0
pca_isi_inductive,allen_scope_neuropixel_area_subset,holdout,4,knn_best,default,0.149244648456932,0.149244648456932,,,14103.0
pca_isi_inductive,allen_scope_neuropixel_area_subset,transductive,0,knn_best,default,0.188686110613197,,,,
pca_isi_inductive,allen_scope_neuropixel_area_subset,transductive,0,knn_cv_mean,cv_recomputed,0.18868169134928098,,0.18803684645236807,,
pca_isi_inductive,ibl_brainwide_good,holdout,0,knn_best,default,0.215507452901574,0.215507452901574,,,13916.0
pca_isi_inductive,ibl_brainwide_good,holdout,1,knn_best,default,0.208037452699501,0.208037452699501,,,10515.0
pca_isi_inductive,ibl_brainwide_good,holdout,2,knn_best,default,0.221822308149516,0.221822308149516,,,11236.0
pca_isi_inductive,ibl_brainwide_good,holdout,3,knn_best,default,0.214137556202353,0.214137556202353,,,12297.0
pca_isi_inductive,ibl_brainwide_good,holdout,4,knn_best,default,0.23269389560788,0.23269389560788,,,10285.0
pca_isi_inductive,ibl_brainwide_good,transductive,0,knn_best,default,0.225516083696715,,,,
pca_isi_inductive,ibl_brainwide_good,transductive,0,knn_cv_mean,cv_recomputed,0.2255160025751831,,0.22171417023533277,,
pca_wf,allen_scope_neuropixel_area_subset,holdout,0,knn_best,default,0.19323403581049,0.19323403581049,,,12622.0
pca_wf,allen_scope_neuropixel_area_subset,holdout,1,knn_best,default,0.172193187961795,0.172193187961795,,,11098.0
pca_wf,allen_scope_neuropixel_area_subset,holdout,2,knn_best,default,0.121181262729124,0.121181262729124,,,11784.0
pca_wf,allen_scope_neuropixel_area_subset,holdout,3,knn_best,default,0.12467018469657,0.12467018469657,,,12128.0
pca_wf,allen_scope_neuropixel_area_subset,holdout,4,knn_best,default,0.163724030348153,0.163724030348153,,,14103.0
pca_wf,allen_scope_neuropixel_area_subset,transductive,0,knn_best,default,0.0722538167886044,,,,
pca_wf,allen_scope_neuropixel_area_subset,transductive,0,knn_cv_mean,cv_recomputed,0.07224790370566123,,0.0709873923080938,,
pca_wf,ibl_brainwide_good,holdout,0,knn_best,default,0.408738143144582,0.408738143144582,,,13916.0
pca_wf,ibl_brainwide_good,holdout,1,knn_best,default,0.419971469329529,0.419971469329529,,,10515.0
pca_wf,ibl_brainwide_good,holdout,2,knn_best,default,0.414471342114632,0.414471342114632,,,11236.0
pca_wf,ibl_brainwide_good,holdout,3,knn_best,default,0.434170936000651,0.434170936000651,,,12297.0
pca_wf,ibl_brainwide_good,holdout,4,knn_best,default,0.426349052017501,0.426349052017501,,,10285.0
pca_wf,ibl_brainwide_good,transductive,0,knn_best,default,0.273611011311256,,,,
pca_wf,ibl_brainwide_good,transductive,0,knn_cv_mean,cv_recomputed,0.27361197255235903,,0.2614572279442845,,
pca_wf_inductive,allen_scope_neuropixel_area_subset,holdout,0,knn_best,default,0.0783270604670128,0.0783270604670128,,,12622.0
pca_wf_inductive,allen_scope_neuropixel_area_subset,holdout,1,knn_best,default,0.0769225320370263,0.0769225320370263,,,11098.0
pca_wf_inductive,allen_scope_neuropixel_area_subset,holdout,2,knn_best,default,0.069436101571354,0.069436101571354,,,11738.0
pca_wf_inductive,allen_scope_neuropixel_area_subset,holdout,3,knn_best,default,0.072133650956979,0.072133650956979,,,12128.0
pca_wf_inductive,allen_scope_neuropixel_area_subset,holdout,4,knn_best,default,0.081858005591419,0.081858005591419,,,14103.0
pca_wf_inductive,allen_scope_neuropixel_area_subset,transductive,0,knn_best,default,0.0783324571205295,,,,
pca_wf_inductive,allen_scope_neuropixel_area_subset,transductive,0,knn_cv_mean,cv_recomputed,0.07833418281742448,,0.07984340181820379,,
pca_wf_inductive,ibl_brainwide_good,holdout,0,knn_best,default,0.256957847707501,0.256957847707501,,,13916.0
pca_wf_inductive,ibl_brainwide_good,holdout,1,knn_best,default,0.266889696053397,0.266889696053397,,,10515.0
pca_wf_inductive,ibl_brainwide_good,holdout,2,knn_best,default,0.258919611330068,0.258919611330068,,,11236.0
pca_wf_inductive,ibl_brainwide_good,holdout,3,knn_best,default,0.270413004871252,0.270413004871252,,,12297.0
pca_wf_inductive,ibl_brainwide_good,holdout,4,knn_best,default,0.281395794418507,0.281395794418507,,,10285.0
pca_wf_inductive,ibl_brainwide_good,transductive,0,knn_best,default,0.270992226540556,,,,
pca_wf_inductive,ibl_brainwide_good,transductive,0,knn_cv_mean,cv_recomputed,0.2709920595313394,,0.25859989791192806,,
physmap,allen_scope_neuropixel_area_subset,holdout,0,knn_best,default,0.143796545713833,0.143796545713833,,,12622.0
physmap,allen_scope_neuropixel_area_subset,holdout,1,knn_best,default,0.173544782843756,0.173544782843756,,,11098.0
physmap,allen_scope_neuropixel_area_subset,holdout,2,knn_best,default,0.168618465716225,0.168618465716225,,,11784.0
physmap,allen_scope_neuropixel_area_subset,holdout,3,knn_best,default,0.180738786279683,0.180738786279683,,,12128.0
physmap,allen_scope_neuropixel_area_subset,holdout,4,knn_best,default,0.150606253988513,0.150606253988513,,,14103.0
physmap,allen_scope_neuropixel_area_subset,transductive,0,knn_best,default,0.0641945451828148,,,,
physmap,allen_scope_neuropixel_area_subset,transductive,0,knn_cv_mean,cv_recomputed,0.06419399165808942,,0.06430576756036288,,
physmap,ibl_brainwide_good,holdout,0,knn_best,default,0.270767461914343,0.270767461914343,,,13916.0
physmap,ibl_brainwide_good,holdout,1,knn_best,default,0.270756062767475,0.270756062767475,,,10515.0
physmap,ibl_brainwide_good,holdout,2,knn_best,default,0.29939480242079,0.29939480242079,,,11236.0
physmap,ibl_brainwide_good,holdout,3,knn_best,default,0.294949987801903,0.294949987801903,,,12297.0
physmap,ibl_brainwide_good,holdout,4,knn_best,default,0.305687894992708,0.305687894992708,,,10285.0
physmap,ibl_brainwide_good,transductive,0,knn_best,default,0.197212230899137,,,,
physmap,ibl_brainwide_good,transductive,0,knn_cv_mean,cv_recomputed,0.19721245063014192,,0.18304382451657167,,
physmap_inductive,allen_scope_neuropixel_area_subset,holdout,0,knn_best,default,0.165612224275585,0.165612224275585,,,12622.0
physmap_inductive,allen_scope_neuropixel_area_subset,holdout,1,knn_best,default,0.195301876017669,0.195301876017669,,,11098.0
physmap_inductive,allen_scope_neuropixel_area_subset,holdout,2,knn_best,default,0.18092996207722,0.18092996207722,,,11738.0
physmap_inductive,allen_scope_neuropixel_area_subset,holdout,3,knn_best,default,0.184113079185672,0.184113079185672,,,12128.0
physmap_inductive,allen_scope_neuropixel_area_subset,holdout,4,knn_best,default,0.166131317687757,0.166131317687757,,,14103.0
physmap_inductive,allen_scope_neuropixel_area_subset,transductive,0,knn_cv_mean,cv_recomputed,0.2088741146623451,,0.21824279441924038,,
physmap_inductive,ibl_brainwide_good,holdout,0,knn_best,default,0.327880841752116,0.327880841752116,,,13916.0
physmap_inductive,ibl_brainwide_good,holdout,1,knn_best,default,0.325631148080475,0.325631148080475,,,10515.0
physmap_inductive,ibl_brainwide_good,holdout,2,knn_best,default,0.328508093539358,0.328508093539358,,,11236.0
physmap_inductive,ibl_brainwide_good,holdout,3,knn_best,default,0.33177101453982,0.33177101453982,,,12297.0
physmap_inductive,ibl_brainwide_good,holdout,4,knn_best,default,0.34781557929623,0.34781557929623,,,10285.0
physmap_inductive,ibl_brainwide_good,transductive,0,knn_cv_mean,cv_recomputed,0.3442459386140921,,0.3406783348998509,,
vae,allen_scope_neuropixel_area_subset,holdout,0,knn,default,0.08455762698768296,0.14484039260765763,0.07862586669013664,19.0,11309.0
vae,allen_scope_neuropixel_area_subset,holdout,0,linear,default,0.052431681563808195,0.17631974533557343,0.017954975411359906,19.0,11309.0
vae,allen_scope_neuropixel_area_subset,holdout,0,mlp,default,0.08149783322350695,0.20090193651074365,0.06740064936534577,19.0,11309.0
vae,allen_scope_neuropixel_area_subset,holdout,1,knn,default,0.08298025988336784,0.1924150385815137,0.07991393358636696,18.0,12182.0
vae,allen_scope_neuropixel_area_subset,holdout,1,linear,default,0.058935974066848335,0.27253324577245114,0.03513758119077304,18.0,12182.0
vae,allen_scope_neuropixel_area_subset,holdout,1,mlp,default,0.08135668676225682,0.25948120177310785,0.06771862071482265,18.0,12182.0
vae,allen_scope_neuropixel_area_subset,holdout,2,knn,default,0.0853964531235998,0.17015772344154217,0.08158029952570334,19.0,11983.0
vae,allen_scope_neuropixel_area_subset,holdout,2,linear,default,0.05836662506125713,0.22047901193357256,0.0346096725119829,19.0,11983.0
vae,allen_scope_neuropixel_area_subset,holdout,2,mlp,default,0.08899440246756912,0.23182842360010014,0.07750997436504264,19.0,11983.0
vae,allen_scope_neuropixel_area_subset,holdout,3,knn,default,0.0846732585252827,0.13087378640776698,0.08059728298518092,19.0,12875.0
vae,allen_scope_neuropixel_area_subset,holdout,3,linear,default,0.05638628588277002,0.2047378640776699,0.027153317162834253,19.0,12875.0
vae,allen_scope_neuropixel_area_subset,holdout,3,mlp,default,0.07941276736274187,0.21320388349514563,0.06799557103143097,19.0,12875.0
vae,allen_scope_neuropixel_area_subset,holdout,4,knn,default,0.0844714326115034,0.19012401015986852,0.07576033686879348,19.0,13386.0
vae,allen_scope_neuropixel_area_subset,holdout,4,linear,default,0.07163516494892423,0.20312266547138802,0.04445321829459096,19.0,13386.0
vae,allen_scope_neuropixel_area_subset,holdout,4,mlp,default,0.10091037563443032,0.21896010757507844,0.07919642430582584,19.0,13386.0
vae,allen_scope_neuropixel_area_subset,transductive,0,knn,default,0.09204742788593853,0.126811887602235,0.09117483205202151,19.0,12349.0
vae,allen_scope_neuropixel_area_subset,transductive,0,linear,default,0.06345849598527875,0.21839825087051584,0.04207378955126214,19.0,12349.0
vae,allen_scope_neuropixel_area_subset,transductive,0,mlp,default,0.09055041250128389,0.23572758927848408,0.08606123415255368,19.0,12349.0
vae,allen_scope_neuropixel_area_subset,transductive,1,knn,default,0.09696964407204875,0.19512590073678246,0.10180077965192645,19.0,12351.0
vae,allen_scope_neuropixel_area_subset,transductive,1,linear,default,0.05415728028588034,0.21431463039430004,0.025260208633047287,19.0,12351.0
vae,allen_scope_neuropixel_area_subset,transductive,1,mlp,default,0.10733189219807243,0.23981863816695004,0.10759197514302593,19.0,12351.0
vae,allen_scope_neuropixel_area_subset,transductive,2,knn,default,0.10705655808450719,0.1927408247589727,0.11720072763153051,19.0,12343.0
vae,allen_scope_neuropixel_area_subset,transductive,2,linear,default,0.06045061487057456,0.21899052094304464,0.037840282753744396,19.0,12343.0
vae,allen_scope_neuropixel_area_subset,transductive,2,mlp,default,0.10022172843665857,0.2340597909746415,0.09900260275608386,19.0,12343.0
vae,allen_scope_neuropixel_area_subset,transductive,3,knn,default,0.10472407056901863,0.19552710477270885,0.11369844894259065,19.0,12341.0
vae,allen_scope_neuropixel_area_subset,transductive,3,linear,default,0.06922116680435743,0.22283445425816384,0.049613107891519515,19.0,12341.0
vae,allen_scope_neuropixel_area_subset,transductive,3,mlp,default,0.09113632271657188,0.23344947735191637,0.08556756757339663,19.0,12341.0
vae,allen_scope_neuropixel_area_subset,transductive,4,knn,default,0.08692499465553412,0.1993360861468707,0.08753721044963812,19.0,12351.0
vae,allen_scope_neuropixel_area_subset,transductive,4,linear,default,0.05882449558130617,0.21941543194883006,0.03292594881045438,19.0,12351.0
vae,allen_scope_neuropixel_area_subset,transductive,4,mlp,default,0.09502529787838265,0.23058861630637195,0.09181016841479943,19.0,12351.0
vae,ibl_brainwide_good,holdout,0,knn,default,0.2670976206612949,0.37227460223924574,0.26200299300257807,10.0,13576.0
vae,ibl_brainwide_good,holdout,0,linear,default,0.20901834627505314,0.3183559222156747,0.17228502140292629,10.0,13576.0
vae,ibl_brainwide_good,holdout,0,mlp,default,0.27831650276709724,0.3946670595167943,0.26311877846538234,10.0,13576.0
vae,ibl_brainwide_good,holdout,1,knn,default,0.2446851762017303,0.36797530473325946,0.23292970710319882,10.0,12634.0
vae,ibl_brainwide_good,holdout,1,linear,default,0.20670609539332596,0.33995567516226055,0.18395188917869204,10.0,12634.0
vae,ibl_brainwide_good,holdout,1,mlp,default,0.2740505690801684,0.40652208326737377,0.2602947050179704,10.0,12634.0
vae,ibl_brainwide_good,holdout,2,knn,default,0.25374206855029385,0.3494179894179894,0.24289704123127004,10.0,14175.0
vae,ibl_brainwide_good,holdout,2,linear,default,0.19296396498364338,0.27908289241622575,0.16033960841401868,10.0,14175.0
vae,ibl_brainwide_good,holdout,2,mlp,default,0.2742497724885161,0.3870899470899471,0.25601086741821655,10.0,14175.0
vae,ibl_brainwide_good,holdout,3,knn,default,0.25884111662483933,0.37529938560866394,0.23665283183555946,10.0,9603.0
vae,ibl_brainwide_good,holdout,3,linear,default,0.2050957989066035,0.33604082057690304,0.1824336920994633,10.0,9603.0
vae,ibl_brainwide_good,holdout,3,mlp,default,0.2811454528624435,0.4025825262938665,0.2558976742944288,10.0,9603.0
vae,ibl_brainwide_good,holdout,4,knn,default,0.25992131808279756,0.3788008398786842,0.24896960104098076,10.0,12859.0
vae,ibl_brainwide_good,holdout,4,linear,default,0.18008275023463965,0.31324364258495996,0.1551373943354438,10.0,12859.0
vae,ibl_brainwide_good,holdout,4,mlp,default,0.27030161329832236,0.4014309044249164,0.2575450837045958,10.0,12859.0
vae,ibl_brainwide_good,transductive,0,knn,default,0.25998428880553826,0.37558536391777125,0.24982406957974873,10.0,12599.0
vae,ibl_brainwide_good,transductive,0,linear,default,0.20689211633900567,0.32915310738947534,0.1847389998452859,10.0,12599.0
vae,ibl_brainwide_good,transductive,0,mlp,default,0.27157606594405287,0.3976506071910469,0.25518121378382136,10.0,12599.0
vae,ibl_brainwide_good,transductive,1,knn,default,0.26634398707942664,0.38836415588538775,0.259195860684425,10.0,12599.0
vae,ibl_brainwide_good,transductive,1,linear,default,0.2110922549708846,0.3360584173347091,0.1874920957662299,10.0,12599.0
vae,ibl_brainwide_good,transductive,1,mlp,default,0.2836007384444413,0.4124136836256846,0.2737641658777058,10.0,12599.0
vae,ibl_brainwide_good,transductive,2,knn,default,0.2551470494330331,0.37177553774109057,0.24662954921794705,10.0,12599.0
vae,ibl_brainwide_good,transductive,2,linear,default,0.20697661452457564,0.326216366378284,0.18567214491553935,10.0,12599.0
vae,ibl_brainwide_good,transductive,2,mlp,default,0.26873602138129,0.3924914675767918,0.25835635579884303,10.0,12599.0
vae,ibl_brainwide_good,transductive,3,knn,default,0.23813447824655792,0.35132560723924433,0.2271202736789561,10.0,12598.0
vae,ibl_brainwide_good,transductive,3,linear,default,0.18496927746039463,0.297428163200508,0.16498920658485744,10.0,12598.0
vae,ibl_brainwide_good,transductive,3,mlp,default,0.2465627902086402,0.36767740911255753,0.23294846438366545,10.0,12598.0
vae,ibl_brainwide_good,transductive,4,knn,default,0.25188275404968474,0.3685505635815209,0.2420054871132009,10.0,12598.0
vae,ibl_brainwide_good,transductive,4,linear,default,0.2009277114082979,0.3228290204794412,0.17927600488207007,10.0,12598.0
vae,ibl_brainwide_good,transductive,4,mlp,default,0.2685857936762998,0.40093665661216066,0.25635570780921385,10.0,12598.0
