neuron_id,label
hausser_neuron_0,unlabeled
hausser_neuron_1,unlabeled
hausser_neuron_10,unlabeled
hausser_neuron_100,unlabeled
hausser_neuron_1000,unlabeled
hausser_neuron_1001,unlabeled
hausser_neuron_1002,unlabeled
hausser_neuron_1003,unlabeled
hausser_neuron_1004,unlabeled
hausser_neuron_1005,unlabeled
hausser_neuron_1006,unlabeled
hausser_neuron_1007,unlabeled
hausser_neuron_1008,unlabeled
hausser_neuron_1009,unlabeled
hausser_neuron_101,PkC_ss
hausser_neuron_1010,unlabeled
hausser_neuron_1011,unlabeled
hausser_neuron_1012,unlabeled
hausser_neuron_1013,unlabeled
hausser_neuron_1014,unlabeled
hausser_neuron_1015,PkC_ss
hausser_neuron_1016,unlabeled
hausser_neuron_1017,unlabeled
hausser_neuron_1018,unlabeled
hausser_neuron_1019,unlabeled
hausser_neuron_102,unlabeled
hausser_neuron_1020,unlabeled
hausser_neuron_1021,unlabeled
hausser_neuron_1022,unlabeled
hausser_neuron_1023,unlabeled
hausser_neuron_1024,unlabeled
hausser_neuron_1025,unlabeled
hausser_neuron_1026,unlabeled
hausser_neuron_1027,unlabeled
hausser_neuron_1028,unlabeled
hausser_neuron_1029,unlabeled
hausser_neuron_103,unlabeled
hausser_neuron_1030,unlabeled
hausser_neuron_1031,unlabeled
hausser_neuron_1032,unlabeled
hausser_neuron_1033,unlabeled
hausser_neuron_1034,unlabeled
hausser_neuron_1035,unlabeled
hausser_neuron_1036,unlabeled
hausser_neuron_1037,unlabeled
hausser_neuron_1038,unlabeled
hausser_neuron_1039,unlabeled
hausser_neuron_104,unlabeled
hausser_neuron_1040,unlabeled
hausser_neuron_1041,unlabeled
hausser_neuron_1042,unlabeled
hausser_neuron_1043,unlabeled
hausser_neuron_1044,unlabeled
hausser_neuron_1045,unlabeled
hausser_neuron_1046,unlabeled
hausser_neuron_1047,unlabeled
hausser_neuron_1048,unlabeled
hausser_neuron_1049,unlabeled
hausser_neuron_105,unlabeled
hausser_neuron_1050,unlabeled
hausser_neuron_1051,unlabeled
hausser_neuron_1052,unlabeled
hausser_neuron_1053,unlabeled
hausser_neuron_1054,unlabeled
hausser_neuron_1055,unlabeled
hausser_neuron_1056,unlabeled
hausser_neuron_1057,unlabeled
hausser_neuron_1058,unlabeled
hausser_neuron_1059,unlabeled
hausser_neuron_106,unlabeled
hausser_neuron_1060,unlabeled
hausser_neuron_1061,unlabeled
hausser_neuron_1062,unlabeled
hausser_neuron_1063,unlabeled
hausser_neuron_1064,unlabeled
hausser_neuron_1065,unlabeled
hausser_neuron_1066,unlabeled
hausser_neuron_1067,unlabeled
hausser_neuron_1068,MFB
hausser_neuron_1069,unlabeled
hausser_neuron_107,unlabeled
hausser_neuron_1070,unlabeled
hausser_neuron_1071,unlabeled
hausser_neuron_1072,unlabeled
hausser_neuron_1073,unlabeled
hausser_neuron_1074,unlabeled
hausser_neuron_1075,unlabeled
hausser_neuron_1076,unlabeled
hausser_neuron_1077,MFB
hausser_neuron_1078,unlabeled
hausser_neuron_1079,unlabeled
hausser_neuron_108,unlabeled
hausser_neuron_1080,unlabeled
hausser_neuron_1081,unlabeled
hausser_neuron_1082,unlabeled
hausser_neuron_1083,unlabeled
hausser_neuron_1084,unlabeled
hausser_neuron_1085,unlabeled
hausser_neuron_1086,unlabeled
hausser_neuron_1087,unlabeled
hausser_neuron_1088,unlabeled
hausser_neuron_1089,unlabeled
hausser_neuron_109,unlabeled
hausser_neuron_1090,unlabeled
hausser_neuron_1091,unlabeled
hausser_neuron_1092,unlabeled
hausser_neuron_1093,unlabeled
hausser_neuron_1094,unlabeled
hausser_neuron_1095,unlabeled
hausser_neuron_1096,unlabeled
hausser_neuron_1097,unlabeled
hausser_neuron_1098,unlabeled
hausser_neuron_1099,unlabeled
hausser_neuron_11,unlabeled
hausser_neuron_110,unlabeled
hausser_neuron_1100,unlabeled
hausser_neuron_1101,unlabeled
hausser_neuron_1102,MFB
hausser_neuron_1103,unlabeled
hausser_neuron_1104,unlabeled
hausser_neuron_1105,unlabeled
hausser_neuron_1106,unlabeled
hausser_neuron_1107,unlabeled
hausser_neuron_1108,unlabeled
hausser_neuron_1109,unlabeled
hausser_neuron_111,unlabeled
hausser_neuron_1110,unlabeled
hausser_neuron_1111,unlabeled
hausser_neuron_1112,unlabeled
hausser_neuron_1113,unlabeled
hausser_neuron_1114,unlabeled
hausser_neuron_1115,unlabeled
hausser_neuron_1116,unlabeled
hausser_neuron_1117,unlabeled
hausser_neuron_1118,unlabeled
hausser_neuron_1119,unlabeled
hausser_neuron_112,unlabeled
hausser_neuron_1120,unlabeled
hausser_neuron_1121,unlabeled
hausser_neuron_1122,unlabeled
hausser_neuron_1123,unlabeled
hausser_neuron_1124,unlabeled
hausser_neuron_1125,unlabeled
hausser_neuron_1126,unlabeled
hausser_neuron_1127,unlabeled
hausser_neuron_1128,unlabeled
hausser_neuron_1129,unlabeled
hausser_neuron_113,unlabeled
hausser_neuron_1130,unlabeled
hausser_neuron_1131,unlabeled
hausser_neuron_1132,unlabeled
hausser_neuron_1133,unlabeled
hausser_neuron_1134,unlabeled
hausser_neuron_1135,unlabeled
hausser_neuron_1136,unlabeled
hausser_neuron_1137,unlabeled
hausser_neuron_1138,unlabeled
hausser_neuron_1139,unlabeled
hausser_neuron_114,unlabeled
hausser_neuron_1140,unlabeled
hausser_neuron_1141,unlabeled
hausser_neuron_1142,unlabeled
hausser_neuron_1143,unlabeled
hausser_neuron_1144,unlabeled
hausser_neuron_1145,unlabeled
hausser_neuron_1146,unlabeled
hausser_neuron_1147,unlabeled
hausser_neuron_1148,unlabeled
hausser_neuron_1149,unlabeled
hausser_neuron_115,unlabeled
hausser_neuron_1150,unlabeled
hausser_neuron_1151,unlabeled
hausser_neuron_1152,unlabeled
hausser_neuron_1153,unlabeled
hausser_neuron_1154,unlabeled
hausser_neuron_1155,unlabeled
hausser_neuron_1156,unlabeled
hausser_neuron_1157,unlabeled
hausser_neuron_1158,unlabeled
hausser_neuron_1159,unlabeled
hausser_neuron_116,unlabeled
hausser_neuron_1160,unlabeled
hausser_neuron_1161,unlabeled
hausser_neuron_1162,unlabeled
hausser_neuron_1163,unlabeled
hausser_neuron_1164,unlabeled
hausser_neuron_1165,unlabeled
hausser_neuron_1166,unlabeled
hausser_neuron_1167,unlabeled
hausser_neuron_1168,unlabeled
hausser_neuron_1169,unlabeled
hausser_neuron_117,PkC_ss
hausser_neuron_1170,unlabeled
hausser_neuron_1171,unlabeled
hausser_neuron_1172,unlabeled
hausser_neuron_1173,unlabeled
hausser_neuron_1174,unlabeled
hausser_neuron_1175,unlabeled
hausser_neuron_1176,unlabeled
hausser_neuron_1177,unlabeled
hausser_neuron_1178,unlabeled
hausser_neuron_1179,unlabeled
hausser_neuron_118,PkC_ss
hausser_neuron_1180,unlabeled
hausser_neuron_1181,unlabeled
hausser_neuron_1182,unlabeled
hausser_neuron_1183,unlabeled
hausser_neuron_1184,unlabeled
hausser_neuron_1185,unlabeled
hausser_neuron_1186,unlabeled
hausser_neuron_1187,unlabeled
hausser_neuron_1188,unlabeled
hausser_neuron_1189,unlabeled
hausser_neuron_119,unlabeled
hausser_neuron_1190,unlabeled
hausser_neuron_1191,unlabeled
hausser_neuron_1192,unlabeled
hausser_neuron_1193,unlabeled
hausser_neuron_1194,unlabeled
hausser_neuron_1195,unlabeled
hausser_neuron_1196,unlabeled
hausser_neuron_1197,unlabeled
hausser_neuron_1198,unlabeled
hausser_neuron_1199,unlabeled
hausser_neuron_12,unlabeled
hausser_neuron_120,PkC_ss
hausser_neuron_1200,unlabeled
hausser_neuron_1201,unlabeled
hausser_neuron_1202,unlabeled
hausser_neuron_1203,unlabeled
hausser_neuron_1204,unlabeled
hausser_neuron_1205,unlabeled
hausser_neuron_1206,unlabeled
hausser_neuron_1207,unlabeled
hausser_neuron_1208,unlabeled
hausser_neuron_1209,unlabeled
hausser_neuron_121,unlabeled
hausser_neuron_1210,unlabeled
hausser_neuron_1211,unlabeled
hausser_neuron_1212,unlabeled
hausser_neuron_1213,unlabeled
hausser_neuron_1214,unlabeled
hausser_neuron_1215,unlabeled
hausser_neuron_1216,unlabeled
hausser_neuron_1217,unlabeled
hausser_neuron_1218,unlabeled
hausser_neuron_1219,unlabeled
hausser_neuron_122,unlabeled
hausser_neuron_1220,unlabeled
hausser_neuron_1221,unlabeled
hausser_neuron_1222,unlabeled
hausser_neuron_1223,unlabeled
hausser_neuron_1224,unlabeled
hausser_neuron_1225,unlabeled
hausser_neuron_1226,unlabeled
hausser_neuron_1227,unlabeled
hausser_neuron_1228,unlabeled
hausser_neuron_1229,unlabeled
hausser_neuron_123,unlabeled
hausser_neuron_1230,unlabeled
hausser_neuron_1231,unlabeled
hausser_neuron_1232,unlabeled
hausser_neuron_1233,unlabeled
hausser_neuron_1234,unlabeled
hausser_neuron_1235,unlabeled
hausser_neuron_1236,unlabeled
hausser_neuron_1237,unlabeled
hausser_neuron_1238,unlabeled
hausser_neuron_1239,unlabeled
hausser_neuron_124,unlabeled
hausser_neuron_1240,unlabeled
hausser_neuron_1241,unlabeled
hausser_neuron_1242,unlabeled
hausser_neuron_1243,unlabeled
hausser_neuron_1244,unlabeled
hausser_neuron_1245,unlabeled
hausser_neuron_1246,unlabeled
hausser_neuron_1247,MFB
hausser_neuron_1248,unlabeled
hausser_neuron_1249,MFB
hausser_neuron_125,PkC_ss
hausser_neuron_1250,unlabeled
hausser_neuron_1251,unlabeled
hausser_neuron_1252,unlabeled
hausser_neuron_1253,unlabeled
hausser_neuron_1254,unlabeled
hausser_neuron_1255,unlabeled
hausser_neuron_1256,unlabeled
hausser_neuron_1257,unlabeled
hausser_neuron_1258,unlabeled
hausser_neuron_1259,unlabeled
hausser_neuron_126,unlabeled
hausser_neuron_1260,unlabeled
hausser_neuron_1261,unlabeled
hausser_neuron_1262,unlabeled
hausser_neuron_1263,unlabeled
hausser_neuron_1264,unlabeled
hausser_neuron_1265,unlabeled
hausser_neuron_1266,unlabeled
hausser_neuron_1267,unlabeled
hausser_neuron_1268,unlabeled
hausser_neuron_1269,unlabeled
hausser_neuron_127,unlabeled
hausser_neuron_1270,unlabeled
hausser_neuron_1271,unlabeled
hausser_neuron_1272,unlabeled
hausser_neuron_1273,unlabeled
hausser_neuron_1274,unlabeled
hausser_neuron_1275,unlabeled
hausser_neuron_1276,unlabeled
hausser_neuron_1277,unlabeled
hausser_neuron_1278,unlabeled
hausser_neuron_1279,unlabeled
hausser_neuron_128,unlabeled
hausser_neuron_1280,unlabeled
hausser_neuron_1281,unlabeled
hausser_neuron_1282,unlabeled
hausser_neuron_1283,unlabeled
hausser_neuron_1284,unlabeled
hausser_neuron_1285,unlabeled
hausser_neuron_1286,unlabeled
hausser_neuron_1287,unlabeled
hausser_neuron_1288,unlabeled
hausser_neuron_1289,unlabeled
hausser_neuron_129,unlabeled
hausser_neuron_1290,unlabeled
hausser_neuron_1291,unlabeled
hausser_neuron_1292,unlabeled
hausser_neuron_1293,unlabeled
hausser_neuron_1294,unlabeled
hausser_neuron_1295,unlabeled
hausser_neuron_1296,unlabeled
hausser_neuron_1297,unlabeled
hausser_neuron_1298,unlabeled
hausser_neuron_1299,unlabeled
hausser_neuron_13,unlabeled
hausser_neuron_130,unlabeled
hausser_neuron_1300,unlabeled
hausser_neuron_1301,unlabeled
hausser_neuron_1302,MFB
hausser_neuron_1303,unlabeled
hausser_neuron_1304,unlabeled
hausser_neuron_1305,unlabeled
hausser_neuron_1306,unlabeled
hausser_neuron_1307,unlabeled
hausser_neuron_1308,unlabeled
hausser_neuron_1309,unlabeled
hausser_neuron_131,unlabeled
hausser_neuron_1310,unlabeled
hausser_neuron_1311,unlabeled
hausser_neuron_1312,unlabeled
hausser_neuron_1313,unlabeled
hausser_neuron_1314,unlabeled
hausser_neuron_1315,unlabeled
hausser_neuron_1316,unlabeled
hausser_neuron_1317,unlabeled
hausser_neuron_1318,unlabeled
hausser_neuron_1319,unlabeled
hausser_neuron_132,unlabeled
hausser_neuron_1320,unlabeled
hausser_neuron_1321,unlabeled
hausser_neuron_1322,PkC_ss
hausser_neuron_1323,PkC_cs
hausser_neuron_1324,unlabeled
hausser_neuron_1325,unlabeled
hausser_neuron_1326,unlabeled
hausser_neuron_1327,unlabeled
hausser_neuron_1328,unlabeled
hausser_neuron_1329,unlabeled
hausser_neuron_133,unlabeled
hausser_neuron_1330,unlabeled
hausser_neuron_1331,unlabeled
hausser_neuron_1332,unlabeled
hausser_neuron_1333,unlabeled
hausser_neuron_1334,unlabeled
hausser_neuron_1335,unlabeled
hausser_neuron_1336,unlabeled
hausser_neuron_1337,unlabeled
hausser_neuron_1338,unlabeled
hausser_neuron_1339,unlabeled
hausser_neuron_134,unlabeled
hausser_neuron_1340,unlabeled
hausser_neuron_1341,unlabeled
hausser_neuron_1342,unlabeled
hausser_neuron_1343,unlabeled
hausser_neuron_1344,unlabeled
hausser_neuron_1345,unlabeled
hausser_neuron_1346,unlabeled
hausser_neuron_1347,unlabeled
hausser_neuron_1348,unlabeled
hausser_neuron_1349,unlabeled
hausser_neuron_135,unlabeled
hausser_neuron_1350,unlabeled
hausser_neuron_1351,unlabeled
hausser_neuron_1352,unlabeled
hausser_neuron_1353,unlabeled
hausser_neuron_1354,unlabeled
hausser_neuron_1355,PkC_ss
hausser_neuron_1356,unlabeled
hausser_neuron_1357,PkC_cs
hausser_neuron_1358,unlabeled
hausser_neuron_1359,unlabeled
hausser_neuron_136,unlabeled
hausser_neuron_1360,unlabeled
hausser_neuron_1361,unlabeled
hausser_neuron_1362,unlabeled
hausser_neuron_1363,unlabeled
hausser_neuron_1364,unlabeled
hausser_neuron_1365,unlabeled
hausser_neuron_1366,unlabeled
hausser_neuron_1367,unlabeled
hausser_neuron_1368,unlabeled
hausser_neuron_1369,unlabeled
hausser_neuron_137,unlabeled
hausser_neuron_1370,unlabeled
hausser_neuron_1371,unlabeled
hausser_neuron_1372,unlabeled
hausser_neuron_1373,unlabeled
hausser_neuron_1374,unlabeled
hausser_neuron_1375,unlabeled
hausser_neuron_1376,unlabeled
hausser_neuron_1377,unlabeled
hausser_neuron_1378,unlabeled
hausser_neuron_1379,unlabeled
hausser_neuron_138,unlabeled
hausser_neuron_1380,unlabeled
hausser_neuron_1381,unlabeled
hausser_neuron_1382,unlabeled
hausser_neuron_1383,unlabeled
hausser_neuron_1384,unlabeled
hausser_neuron_1385,unlabeled
hausser_neuron_1386,unlabeled
hausser_neuron_1387,unlabeled
hausser_neuron_1388,unlabeled
hausser_neuron_1389,unlabeled
hausser_neuron_139,unlabeled
hausser_neuron_1390,unlabeled
hausser_neuron_1391,unlabeled
hausser_neuron_1392,unlabeled
hausser_neuron_1393,unlabeled
hausser_neuron_1394,unlabeled
hausser_neuron_1395,unlabeled
hausser_neuron_1396,unlabeled
hausser_neuron_1397,unlabeled
hausser_neuron_1398,unlabeled
hausser_neuron_1399,unlabeled
hausser_neuron_14,unlabeled
hausser_neuron_140,unlabeled
hausser_neuron_1400,unlabeled
hausser_neuron_1401,unlabeled
hausser_neuron_1402,MFB
hausser_neuron_1403,unlabeled
hausser_neuron_1404,unlabeled
hausser_neuron_1405,unlabeled
hausser_neuron_1406,MFB
hausser_neuron_1407,unlabeled
hausser_neuron_1408,unlabeled
hausser_neuron_1409,unlabeled
hausser_neuron_141,PkC_ss
hausser_neuron_1410,unlabeled
hausser_neuron_1411,unlabeled
hausser_neuron_1412,unlabeled
hausser_neuron_1413,unlabeled
hausser_neuron_1414,unlabeled
hausser_neuron_1415,unlabeled
hausser_neuron_1416,unlabeled
hausser_neuron_1417,unlabeled
hausser_neuron_1418,unlabeled
hausser_neuron_1419,unlabeled
hausser_neuron_142,unlabeled
hausser_neuron_1420,unlabeled
hausser_neuron_1421,unlabeled
hausser_neuron_1422,unlabeled
hausser_neuron_1423,unlabeled
hausser_neuron_1424,unlabeled
hausser_neuron_1425,unlabeled
hausser_neuron_1426,unlabeled
hausser_neuron_1427,unlabeled
hausser_neuron_1428,unlabeled
hausser_neuron_1429,unlabeled
hausser_neuron_143,unlabeled
hausser_neuron_1430,unlabeled
hausser_neuron_1431,unlabeled
hausser_neuron_1432,PkC_cs
hausser_neuron_1433,unlabeled
hausser_neuron_1434,unlabeled
hausser_neuron_1435,unlabeled
hausser_neuron_1436,unlabeled
hausser_neuron_1437,unlabeled
hausser_neuron_1438,unlabeled
hausser_neuron_1439,unlabeled
hausser_neuron_144,unlabeled
hausser_neuron_1440,unlabeled
hausser_neuron_1441,unlabeled
hausser_neuron_1442,PkC_ss
hausser_neuron_1443,unlabeled
hausser_neuron_1444,unlabeled
hausser_neuron_1445,unlabeled
hausser_neuron_1446,unlabeled
hausser_neuron_1447,unlabeled
hausser_neuron_1448,unlabeled
hausser_neuron_1449,unlabeled
hausser_neuron_145,unlabeled
hausser_neuron_1450,unlabeled
hausser_neuron_1451,unlabeled
hausser_neuron_1452,unlabeled
hausser_neuron_1453,unlabeled
hausser_neuron_1454,unlabeled
hausser_neuron_1455,unlabeled
hausser_neuron_1456,unlabeled
hausser_neuron_1457,unlabeled
hausser_neuron_1458,unlabeled
hausser_neuron_1459,unlabeled
hausser_neuron_146,unlabeled
hausser_neuron_1460,unlabeled
hausser_neuron_1461,unlabeled
hausser_neuron_1462,unlabeled
hausser_neuron_1463,unlabeled
hausser_neuron_1464,unlabeled
hausser_neuron_1465,unlabeled
hausser_neuron_1466,PkC_ss
hausser_neuron_1467,PkC_cs
hausser_neuron_1468,unlabeled
hausser_neuron_1469,unlabeled
hausser_neuron_147,unlabeled
hausser_neuron_1470,unlabeled
hausser_neuron_1471,unlabeled
hausser_neuron_1472,PkC_cs
hausser_neuron_1473,unlabeled
hausser_neuron_1474,PkC_ss
hausser_neuron_1475,unlabeled
hausser_neuron_1476,unlabeled
hausser_neuron_1477,unlabeled
hausser_neuron_1478,unlabeled
hausser_neuron_1479,unlabeled
hausser_neuron_148,unlabeled
hausser_neuron_1480,unlabeled
hausser_neuron_1481,unlabeled
hausser_neuron_1482,unlabeled
hausser_neuron_1483,unlabeled
hausser_neuron_1484,unlabeled
hausser_neuron_1485,unlabeled
hausser_neuron_1486,PkC_cs
hausser_neuron_1487,unlabeled
hausser_neuron_1488,unlabeled
hausser_neuron_1489,unlabeled
hausser_neuron_149,unlabeled
hausser_neuron_1490,unlabeled
hausser_neuron_1491,unlabeled
hausser_neuron_1492,unlabeled
hausser_neuron_1493,PkC_ss
hausser_neuron_1494,PkC_cs
hausser_neuron_1495,PkC_cs
hausser_neuron_1496,PkC_ss
hausser_neuron_1497,unlabeled
hausser_neuron_1498,unlabeled
hausser_neuron_1499,unlabeled
hausser_neuron_15,unlabeled
hausser_neuron_150,unlabeled
hausser_neuron_1500,unlabeled
hausser_neuron_1501,unlabeled
hausser_neuron_1502,unlabeled
hausser_neuron_1503,unlabeled
hausser_neuron_1504,unlabeled
hausser_neuron_1505,unlabeled
hausser_neuron_1506,unlabeled
hausser_neuron_1507,unlabeled
hausser_neuron_1508,unlabeled
hausser_neuron_1509,unlabeled
hausser_neuron_151,unlabeled
hausser_neuron_1510,unlabeled
hausser_neuron_1511,unlabeled
hausser_neuron_1512,unlabeled
hausser_neuron_1513,unlabeled
hausser_neuron_1514,unlabeled
hausser_neuron_1515,unlabeled
hausser_neuron_1516,unlabeled
hausser_neuron_1517,unlabeled
hausser_neuron_1518,unlabeled
hausser_neuron_1519,unlabeled
hausser_neuron_152,unlabeled
hausser_neuron_1520,unlabeled
hausser_neuron_1521,unlabeled
hausser_neuron_1522,unlabeled
hausser_neuron_1523,unlabeled
hausser_neuron_1524,unlabeled
hausser_neuron_1525,unlabeled
hausser_neuron_1526,unlabeled
hausser_neuron_1527,unlabeled
hausser_neuron_1528,unlabeled
hausser_neuron_1529,unlabeled
hausser_neuron_153,unlabeled
hausser_neuron_1530,unlabeled
hausser_neuron_1531,unlabeled
hausser_neuron_1532,unlabeled
hausser_neuron_1533,unlabeled
hausser_neuron_1534,unlabeled
hausser_neuron_1535,unlabeled
hausser_neuron_1536,unlabeled
hausser_neuron_1537,unlabeled
hausser_neuron_1538,unlabeled
hausser_neuron_1539,unlabeled
hausser_neuron_154,unlabeled
hausser_neuron_1540,unlabeled
hausser_neuron_1541,unlabeled
hausser_neuron_1542,unlabeled
hausser_neuron_1543,unlabeled
hausser_neuron_1544,unlabeled
hausser_neuron_1545,unlabeled
hausser_neuron_1546,unlabeled
hausser_neuron_1547,unlabeled
hausser_neuron_1548,unlabeled
hausser_neuron_1549,unlabeled
hausser_neuron_155,unlabeled
hausser_neuron_1550,unlabeled
hausser_neuron_1551,PkC_ss
hausser_neuron_1552,unlabeled
hausser_neuron_1553,unlabeled
hausser_neuron_1554,unlabeled
hausser_neuron_1555,unlabeled
hausser_neuron_1556,unlabeled
hausser_neuron_1557,unlabeled
hausser_neuron_1558,unlabeled
hausser_neuron_1559,unlabeled
hausser_neuron_156,unlabeled
hausser_neuron_1560,unlabeled
hausser_neuron_1561,unlabeled
hausser_neuron_1562,unlabeled
hausser_neuron_1563,unlabeled
hausser_neuron_1564,unlabeled
hausser_neuron_1565,unlabeled
hausser_neuron_1566,unlabeled
hausser_neuron_1567,unlabeled
hausser_neuron_1568,unlabeled
hausser_neuron_1569,unlabeled
hausser_neuron_157,unlabeled
hausser_neuron_1570,unlabeled
hausser_neuron_1571,unlabeled
hausser_neuron_1572,unlabeled
hausser_neuron_1573,unlabeled
hausser_neuron_1574,unlabeled
hausser_neuron_1575,unlabeled
hausser_neuron_1576,unlabeled
hausser_neuron_1577,unlabeled
hausser_neuron_1578,unlabeled
hausser_neuron_1579,unlabeled
hausser_neuron_158,unlabeled
hausser_neuron_1580,unlabeled
hausser_neuron_1581,unlabeled
hausser_neuron_1582,unlabeled
hausser_neuron_1583,unlabeled
hausser_neuron_1584,unlabeled
hausser_neuron_1585,PkC_cs
hausser_neuron_1586,unlabeled
hausser_neuron_1587,unlabeled
hausser_neuron_1588,PkC_ss
hausser_neuron_1589,PkC_cs
hausser_neuron_159,unlabeled
hausser_neuron_1590,unlabeled
hausser_neuron_1591,unlabeled
hausser_neuron_1592,unlabeled
hausser_neuron_1593,unlabeled
hausser_neuron_1594,unlabeled
hausser_neuron_1595,unlabeled
hausser_neuron_1596,unlabeled
hausser_neuron_1597,unlabeled
hausser_neuron_1598,unlabeled
hausser_neuron_1599,unlabeled
hausser_neuron_16,unlabeled
hausser_neuron_160,unlabeled
hausser_neuron_1600,unlabeled
hausser_neuron_1601,unlabeled
hausser_neuron_1602,unlabeled
hausser_neuron_1603,unlabeled
hausser_neuron_1604,unlabeled
hausser_neuron_1605,unlabeled
hausser_neuron_1606,unlabeled
hausser_neuron_1607,unlabeled
hausser_neuron_1608,unlabeled
hausser_neuron_1609,unlabeled
hausser_neuron_161,unlabeled
hausser_neuron_1610,unlabeled
hausser_neuron_1611,unlabeled
hausser_neuron_1612,unlabeled
hausser_neuron_1613,unlabeled
hausser_neuron_1614,unlabeled
hausser_neuron_1615,unlabeled
hausser_neuron_1616,unlabeled
hausser_neuron_1617,unlabeled
hausser_neuron_1618,unlabeled
hausser_neuron_1619,unlabeled
hausser_neuron_162,unlabeled
hausser_neuron_1620,unlabeled
hausser_neuron_1621,unlabeled
hausser_neuron_1622,unlabeled
hausser_neuron_1623,unlabeled
hausser_neuron_1624,unlabeled
hausser_neuron_1625,unlabeled
hausser_neuron_1626,unlabeled
hausser_neuron_1627,unlabeled
hausser_neuron_1628,unlabeled
hausser_neuron_1629,unlabeled
hausser_neuron_163,unlabeled
hausser_neuron_1630,unlabeled
hausser_neuron_1631,unlabeled
hausser_neuron_1632,unlabeled
hausser_neuron_1633,unlabeled
hausser_neuron_1634,PkC_cs
hausser_neuron_1635,unlabeled
hausser_neuron_1636,unlabeled
hausser_neuron_1637,unlabeled
hausser_neuron_1638,unlabeled
hausser_neuron_1639,unlabeled
hausser_neuron_164,unlabeled
hausser_neuron_1640,unlabeled
hausser_neuron_1641,unlabeled
hausser_neuron_1642,unlabeled
hausser_neuron_1643,unlabeled
hausser_neuron_1644,unlabeled
hausser_neuron_1645,unlabeled
hausser_neuron_1646,unlabeled
hausser_neuron_1647,unlabeled
hausser_neuron_1648,unlabeled
hausser_neuron_1649,unlabeled
hausser_neuron_165,unlabeled
hausser_neuron_1650,unlabeled
hausser_neuron_1651,unlabeled
hausser_neuron_1652,unlabeled
hausser_neuron_1653,unlabeled
hausser_neuron_1654,unlabeled
hausser_neuron_1655,unlabeled
hausser_neuron_1656,unlabeled
hausser_neuron_1657,unlabeled
hausser_neuron_1658,unlabeled
hausser_neuron_1659,PkC_ss
hausser_neuron_166,unlabeled
hausser_neuron_1660,unlabeled
hausser_neuron_1661,unlabeled
hausser_neuron_1662,PkC_ss
hausser_neuron_1663,unlabeled
hausser_neuron_1664,unlabeled
hausser_neuron_1665,unlabeled
hausser_neuron_1666,unlabeled
hausser_neuron_1667,unlabeled
hausser_neuron_1668,unlabeled
hausser_neuron_1669,unlabeled
hausser_neuron_167,unlabeled
hausser_neuron_1670,unlabeled
hausser_neuron_1671,unlabeled
hausser_neuron_1672,unlabeled
hausser_neuron_1673,unlabeled
hausser_neuron_1674,unlabeled
hausser_neuron_1675,unlabeled
hausser_neuron_1676,unlabeled
hausser_neuron_1677,unlabeled
hausser_neuron_1678,unlabeled
hausser_neuron_1679,PkC_cs
hausser_neuron_168,unlabeled
hausser_neuron_1680,unlabeled
hausser_neuron_1681,unlabeled
hausser_neuron_1682,unlabeled
hausser_neuron_1683,PkC_ss
hausser_neuron_1684,unlabeled
hausser_neuron_1685,unlabeled
hausser_neuron_1686,unlabeled
hausser_neuron_1687,unlabeled
hausser_neuron_1688,unlabeled
hausser_neuron_1689,MLI
hausser_neuron_169,unlabeled
hausser_neuron_1690,unlabeled
hausser_neuron_1691,unlabeled
hausser_neuron_1692,unlabeled
hausser_neuron_1693,unlabeled
hausser_neuron_1694,unlabeled
hausser_neuron_1695,unlabeled
hausser_neuron_1696,unlabeled
hausser_neuron_1697,unlabeled
hausser_neuron_1698,unlabeled
hausser_neuron_1699,unlabeled
hausser_neuron_17,unlabeled
hausser_neuron_170,unlabeled
hausser_neuron_1700,unlabeled
hausser_neuron_1701,unlabeled
hausser_neuron_1702,unlabeled
hausser_neuron_1703,unlabeled
hausser_neuron_1704,unlabeled
hausser_neuron_1705,unlabeled
hausser_neuron_1706,unlabeled
hausser_neuron_1707,unlabeled
hausser_neuron_1708,unlabeled
hausser_neuron_1709,unlabeled
hausser_neuron_171,unlabeled
hausser_neuron_1710,unlabeled
hausser_neuron_1711,unlabeled
hausser_neuron_1712,unlabeled
hausser_neuron_1713,unlabeled
hausser_neuron_1714,unlabeled
hausser_neuron_1715,unlabeled
hausser_neuron_1716,unlabeled
hausser_neuron_1717,unlabeled
hausser_neuron_1718,unlabeled
hausser_neuron_1719,unlabeled
hausser_neuron_172,unlabeled
hausser_neuron_1720,unlabeled
hausser_neuron_1721,unlabeled
hausser_neuron_1722,unlabeled
hausser_neuron_1723,unlabeled
hausser_neuron_1724,unlabeled
hausser_neuron_1725,unlabeled
hausser_neuron_1726,unlabeled
hausser_neuron_1727,unlabeled
hausser_neuron_1728,unlabeled
hausser_neuron_1729,unlabeled
hausser_neuron_173,unlabeled
hausser_neuron_1730,unlabeled
hausser_neuron_1731,unlabeled
hausser_neuron_1732,unlabeled
hausser_neuron_1733,MLI
hausser_neuron_1734,unlabeled
hausser_neuron_1735,MLI
hausser_neuron_1736,unlabeled
hausser_neuron_1737,unlabeled
hausser_neuron_1738,unlabeled
hausser_neuron_1739,unlabeled
hausser_neuron_174,unlabeled
hausser_neuron_1740,unlabeled
hausser_neuron_1741,unlabeled
hausser_neuron_1742,unlabeled
hausser_neuron_1743,unlabeled
hausser_neuron_1744,unlabeled
hausser_neuron_1745,unlabeled
hausser_neuron_1746,unlabeled
hausser_neuron_1747,unlabeled
hausser_neuron_1748,unlabeled
hausser_neuron_1749,unlabeled
hausser_neuron_175,unlabeled
hausser_neuron_1750,unlabeled
hausser_neuron_1751,unlabeled
hausser_neuron_1752,unlabeled
hausser_neuron_1753,unlabeled
hausser_neuron_1754,unlabeled
hausser_neuron_1755,unlabeled
hausser_neuron_1756,unlabeled
hausser_neuron_1757,unlabeled
hausser_neuron_1758,unlabeled
hausser_neuron_1759,unlabeled
hausser_neuron_176,unlabeled
hausser_neuron_1760,unlabeled
hausser_neuron_1761,unlabeled
hausser_neuron_1762,unlabeled
hausser_neuron_1763,unlabeled
hausser_neuron_1764,unlabeled
hausser_neuron_1765,MLI
hausser_neuron_1766,unlabeled
hausser_neuron_1767,unlabeled
hausser_neuron_1768,unlabeled
hausser_neuron_1769,unlabeled
hausser_neuron_177,unlabeled
hausser_neuron_1770,unlabeled
hausser_neuron_1771,unlabeled
hausser_neuron_1772,unlabeled
hausser_neuron_1773,unlabeled
hausser_neuron_1774,unlabeled
hausser_neuron_1775,unlabeled
hausser_neuron_1776,unlabeled
hausser_neuron_1777,unlabeled
hausser_neuron_1778,unlabeled
hausser_neuron_1779,unlabeled
hausser_neuron_178,unlabeled
hausser_neuron_1780,unlabeled
hausser_neuron_1781,unlabeled
hausser_neuron_1782,unlabeled
hausser_neuron_1783,unlabeled
hausser_neuron_1784,unlabeled
hausser_neuron_1785,unlabeled
hausser_neuron_1786,unlabeled
hausser_neuron_1787,unlabeled
hausser_neuron_1788,unlabeled
hausser_neuron_1789,unlabeled
hausser_neuron_179,unlabeled
hausser_neuron_1790,unlabeled
hausser_neuron_1791,unlabeled
hausser_neuron_1792,unlabeled
hausser_neuron_1793,unlabeled
hausser_neuron_1794,unlabeled
hausser_neuron_1795,unlabeled
hausser_neuron_1796,unlabeled
hausser_neuron_1797,unlabeled
hausser_neuron_1798,unlabeled
hausser_neuron_1799,unlabeled
hausser_neuron_18,unlabeled
hausser_neuron_180,unlabeled
hausser_neuron_1800,unlabeled
hausser_neuron_1801,unlabeled
hausser_neuron_1802,unlabeled
hausser_neuron_1803,unlabeled
hausser_neuron_1804,unlabeled
hausser_neuron_1805,MLI
hausser_neuron_1806,unlabeled
hausser_neuron_1807,unlabeled
hausser_neuron_1808,unlabeled
hausser_neuron_1809,unlabeled
hausser_neuron_181,unlabeled
hausser_neuron_1810,unlabeled
hausser_neuron_1811,MLI
hausser_neuron_1812,MLI
hausser_neuron_1813,unlabeled
hausser_neuron_1814,unlabeled
hausser_neuron_1815,unlabeled
hausser_neuron_1816,unlabeled
hausser_neuron_1817,unlabeled
hausser_neuron_1818,unlabeled
hausser_neuron_1819,unlabeled
hausser_neuron_182,unlabeled
hausser_neuron_1820,GoC
hausser_neuron_1821,unlabeled
hausser_neuron_1822,unlabeled
hausser_neuron_1823,unlabeled
hausser_neuron_1824,unlabeled
hausser_neuron_1825,unlabeled
hausser_neuron_1826,unlabeled
hausser_neuron_1827,unlabeled
hausser_neuron_1828,unlabeled
hausser_neuron_1829,unlabeled
hausser_neuron_183,unlabeled
hausser_neuron_1830,unlabeled
hausser_neuron_1831,unlabeled
hausser_neuron_1832,unlabeled
hausser_neuron_1833,unlabeled
hausser_neuron_1834,unlabeled
hausser_neuron_1835,unlabeled
hausser_neuron_1836,unlabeled
hausser_neuron_1837,unlabeled
hausser_neuron_1838,unlabeled
hausser_neuron_1839,unlabeled
hausser_neuron_184,unlabeled
hausser_neuron_1840,unlabeled
hausser_neuron_1841,unlabeled
hausser_neuron_1842,unlabeled
hausser_neuron_1843,unlabeled
hausser_neuron_1844,MLI
hausser_neuron_1845,unlabeled
hausser_neuron_1846,unlabeled
hausser_neuron_1847,unlabeled
hausser_neuron_1848,unlabeled
hausser_neuron_1849,unlabeled
hausser_neuron_185,unlabeled
hausser_neuron_1850,unlabeled
hausser_neuron_1851,unlabeled
hausser_neuron_1852,unlabeled
hausser_neuron_1853,unlabeled
hausser_neuron_1854,unlabeled
hausser_neuron_1855,GoC
hausser_neuron_1856,unlabeled
hausser_neuron_1857,unlabeled
hausser_neuron_1858,MLI
hausser_neuron_1859,unlabeled
hausser_neuron_186,unlabeled
hausser_neuron_1860,unlabeled
hausser_neuron_1861,unlabeled
hausser_neuron_1862,unlabeled
hausser_neuron_1863,unlabeled
hausser_neuron_1864,unlabeled
hausser_neuron_1865,unlabeled
hausser_neuron_1866,unlabeled
hausser_neuron_1867,GoC
hausser_neuron_1868,GoC
hausser_neuron_1869,unlabeled
hausser_neuron_187,unlabeled
hausser_neuron_1870,unlabeled
hausser_neuron_1871,unlabeled
hausser_neuron_1872,unlabeled
hausser_neuron_1873,unlabeled
hausser_neuron_1874,unlabeled
hausser_neuron_1875,unlabeled
hausser_neuron_1876,unlabeled
hausser_neuron_1877,GoC
hausser_neuron_1878,GoC
hausser_neuron_1879,GoC
hausser_neuron_188,unlabeled
hausser_neuron_1880,GoC
hausser_neuron_1881,GoC
hausser_neuron_1882,unlabeled
hausser_neuron_1883,unlabeled
hausser_neuron_1884,unlabeled
hausser_neuron_1885,unlabeled
hausser_neuron_1886,unlabeled
hausser_neuron_1887,unlabeled
hausser_neuron_1888,unlabeled
hausser_neuron_1889,unlabeled
hausser_neuron_189,unlabeled
hausser_neuron_1890,unlabeled
hausser_neuron_1891,unlabeled
hausser_neuron_1892,unlabeled
hausser_neuron_1893,unlabeled
hausser_neuron_1894,unlabeled
hausser_neuron_1895,unlabeled
hausser_neuron_1896,unlabeled
hausser_neuron_1897,unlabeled
hausser_neuron_1898,unlabeled
hausser_neuron_1899,unlabeled
hausser_neuron_19,unlabeled
hausser_neuron_190,unlabeled
hausser_neuron_1900,unlabeled
hausser_neuron_1901,unlabeled
hausser_neuron_1902,unlabeled
hausser_neuron_1903,unlabeled
hausser_neuron_1904,unlabeled
hausser_neuron_1905,unlabeled
hausser_neuron_1906,unlabeled
hausser_neuron_1907,unlabeled
hausser_neuron_1908,unlabeled
hausser_neuron_1909,unlabeled
hausser_neuron_191,unlabeled
hausser_neuron_1910,unlabeled
hausser_neuron_1911,unlabeled
hausser_neuron_1912,unlabeled
hausser_neuron_1913,unlabeled
hausser_neuron_1914,unlabeled
hausser_neuron_1915,unlabeled
hausser_neuron_1916,unlabeled
hausser_neuron_1917,unlabeled
hausser_neuron_1918,unlabeled
hausser_neuron_1919,unlabeled
hausser_neuron_192,unlabeled
hausser_neuron_1920,unlabeled
hausser_neuron_1921,unlabeled
hausser_neuron_1922,unlabeled
hausser_neuron_1923,unlabeled
hausser_neuron_1924,unlabeled
hausser_neuron_1925,unlabeled
hausser_neuron_1926,unlabeled
hausser_neuron_1927,unlabeled
hausser_neuron_1928,unlabeled
hausser_neuron_1929,unlabeled
hausser_neuron_193,unlabeled
hausser_neuron_1930,unlabeled
hausser_neuron_1931,unlabeled
hausser_neuron_1932,unlabeled
hausser_neuron_1933,unlabeled
hausser_neuron_1934,unlabeled
hausser_neuron_1935,unlabeled
hausser_neuron_1936,unlabeled
hausser_neuron_1937,unlabeled
hausser_neuron_1938,unlabeled
hausser_neuron_1939,unlabeled
hausser_neuron_194,unlabeled
hausser_neuron_1940,unlabeled
hausser_neuron_1941,unlabeled
hausser_neuron_1942,unlabeled
hausser_neuron_1943,unlabeled
hausser_neuron_1944,unlabeled
hausser_neuron_1945,unlabeled
hausser_neuron_1946,unlabeled
hausser_neuron_1947,unlabeled
hausser_neuron_1948,unlabeled
hausser_neuron_1949,unlabeled
hausser_neuron_195,unlabeled
hausser_neuron_1950,unlabeled
hausser_neuron_1951,unlabeled
hausser_neuron_1952,unlabeled
hausser_neuron_1953,unlabeled
hausser_neuron_1954,unlabeled
hausser_neuron_1955,unlabeled
hausser_neuron_1956,unlabeled
hausser_neuron_1957,unlabeled
hausser_neuron_1958,unlabeled
hausser_neuron_1959,unlabeled
hausser_neuron_196,unlabeled
hausser_neuron_1960,unlabeled
hausser_neuron_1961,unlabeled
hausser_neuron_1962,unlabeled
hausser_neuron_1963,unlabeled
hausser_neuron_1964,unlabeled
hausser_neuron_1965,unlabeled
hausser_neuron_1966,unlabeled
hausser_neuron_1967,unlabeled
hausser_neuron_1968,unlabeled
hausser_neuron_1969,unlabeled
hausser_neuron_197,unlabeled
hausser_neuron_1970,unlabeled
hausser_neuron_1971,unlabeled
hausser_neuron_1972,unlabeled
hausser_neuron_1973,unlabeled
hausser_neuron_1974,unlabeled
hausser_neuron_1975,unlabeled
hausser_neuron_1976,unlabeled
hausser_neuron_1977,unlabeled
hausser_neuron_1978,unlabeled
hausser_neuron_1979,unlabeled
hausser_neuron_198,unlabeled
hausser_neuron_1980,unlabeled
hausser_neuron_1981,unlabeled
hausser_neuron_1982,unlabeled
hausser_neuron_1983,unlabeled
hausser_neuron_1984,unlabeled
hausser_neuron_1985,unlabeled
hausser_neuron_1986,unlabeled
hausser_neuron_1987,unlabeled
hausser_neuron_1988,unlabeled
hausser_neuron_1989,unlabeled
hausser_neuron_199,unlabeled
hausser_neuron_1990,unlabeled
hausser_neuron_1991,unlabeled
hausser_neuron_1992,unlabeled
hausser_neuron_1993,unlabeled
hausser_neuron_1994,unlabeled
hausser_neuron_1995,unlabeled
hausser_neuron_1996,unlabeled
hausser_neuron_1997,unlabeled
hausser_neuron_2,unlabeled
hausser_neuron_20,unlabeled
hausser_neuron_200,unlabeled
hausser_neuron_201,unlabeled
hausser_neuron_202,unlabeled
hausser_neuron_203,unlabeled
hausser_neuron_204,unlabeled
hausser_neuron_205,unlabeled
hausser_neuron_206,unlabeled
hausser_neuron_207,unlabeled
hausser_neuron_208,unlabeled
hausser_neuron_209,unlabeled
hausser_neuron_21,unlabeled
hausser_neuron_210,unlabeled
hausser_neuron_211,unlabeled
hausser_neuron_212,unlabeled
hausser_neuron_213,unlabeled
hausser_neuron_214,unlabeled
hausser_neuron_215,unlabeled
hausser_neuron_216,unlabeled
hausser_neuron_217,unlabeled
hausser_neuron_218,unlabeled
hausser_neuron_219,unlabeled
hausser_neuron_22,unlabeled
hausser_neuron_220,unlabeled
hausser_neuron_221,unlabeled
hausser_neuron_222,unlabeled
hausser_neuron_223,unlabeled
hausser_neuron_224,unlabeled
hausser_neuron_225,unlabeled
hausser_neuron_226,unlabeled
hausser_neuron_227,unlabeled
hausser_neuron_228,unlabeled
hausser_neuron_229,unlabeled
hausser_neuron_23,unlabeled
hausser_neuron_230,unlabeled
hausser_neuron_231,unlabeled
hausser_neuron_232,unlabeled
hausser_neuron_233,unlabeled
hausser_neuron_234,unlabeled
hausser_neuron_235,unlabeled
hausser_neuron_236,unlabeled
hausser_neuron_237,unlabeled
hausser_neuron_238,unlabeled
hausser_neuron_239,unlabeled
hausser_neuron_24,unlabeled
hausser_neuron_240,unlabeled
hausser_neuron_241,unlabeled
hausser_neuron_242,unlabeled
hausser_neuron_243,unlabeled
hausser_neuron_244,unlabeled
hausser_neuron_245,unlabeled
hausser_neuron_246,unlabeled
hausser_neuron_247,unlabeled
hausser_neuron_248,unlabeled
hausser_neuron_249,unlabeled
hausser_neuron_25,unlabeled
hausser_neuron_250,unlabeled
hausser_neuron_251,unlabeled
hausser_neuron_252,unlabeled
hausser_neuron_253,unlabeled
hausser_neuron_254,unlabeled
hausser_neuron_255,unlabeled
hausser_neuron_256,unlabeled
hausser_neuron_257,unlabeled
hausser_neuron_258,unlabeled
hausser_neuron_259,unlabeled
hausser_neuron_26,unlabeled
hausser_neuron_260,unlabeled
hausser_neuron_261,PkC_cs
hausser_neuron_262,unlabeled
hausser_neuron_263,PkC_cs
hausser_neuron_264,PkC_ss
hausser_neuron_265,unlabeled
hausser_neuron_266,PkC_cs
hausser_neuron_267,unlabeled
hausser_neuron_268,unlabeled
hausser_neuron_269,unlabeled
hausser_neuron_27,unlabeled
hausser_neuron_270,PkC_cs
hausser_neuron_271,unlabeled
hausser_neuron_272,unlabeled
hausser_neuron_273,PkC_cs
hausser_neuron_274,unlabeled
hausser_neuron_275,unlabeled
hausser_neuron_276,unlabeled
hausser_neuron_277,unlabeled
hausser_neuron_278,unlabeled
hausser_neuron_279,unlabeled
hausser_neuron_28,unlabeled
hausser_neuron_280,unlabeled
hausser_neuron_281,unlabeled
hausser_neuron_282,unlabeled
hausser_neuron_283,unlabeled
hausser_neuron_284,unlabeled
hausser_neuron_285,unlabeled
hausser_neuron_286,unlabeled
hausser_neuron_287,PkC_ss
hausser_neuron_288,unlabeled
hausser_neuron_289,unlabeled
hausser_neuron_29,unlabeled
hausser_neuron_290,unlabeled
hausser_neuron_291,unlabeled
hausser_neuron_292,unlabeled
hausser_neuron_293,unlabeled
hausser_neuron_294,unlabeled
hausser_neuron_295,unlabeled
hausser_neuron_296,unlabeled
hausser_neuron_297,unlabeled
hausser_neuron_298,GoC
hausser_neuron_299,GoC
hausser_neuron_3,unlabeled
hausser_neuron_30,unlabeled
hausser_neuron_300,unlabeled
hausser_neuron_301,unlabeled
hausser_neuron_302,unlabeled
hausser_neuron_303,unlabeled
hausser_neuron_304,unlabeled
hausser_neuron_305,unlabeled
hausser_neuron_306,unlabeled
hausser_neuron_307,unlabeled
hausser_neuron_308,unlabeled
hausser_neuron_309,unlabeled
hausser_neuron_31,unlabeled
hausser_neuron_310,unlabeled
hausser_neuron_311,unlabeled
hausser_neuron_312,PkC_cs
hausser_neuron_313,unlabeled
hausser_neuron_314,unlabeled
hausser_neuron_315,unlabeled
hausser_neuron_316,unlabeled
hausser_neuron_317,unlabeled
hausser_neuron_318,PkC_ss
hausser_neuron_319,unlabeled
hausser_neuron_32,unlabeled
hausser_neuron_320,unlabeled
hausser_neuron_321,unlabeled
hausser_neuron_322,unlabeled
hausser_neuron_323,unlabeled
hausser_neuron_324,PkC_ss
hausser_neuron_325,unlabeled
hausser_neuron_326,unlabeled
hausser_neuron_327,unlabeled
hausser_neuron_328,unlabeled
hausser_neuron_329,unlabeled
hausser_neuron_33,unlabeled
hausser_neuron_330,unlabeled
hausser_neuron_331,unlabeled
hausser_neuron_332,unlabeled
hausser_neuron_333,unlabeled
hausser_neuron_334,unlabeled
hausser_neuron_335,unlabeled
hausser_neuron_336,unlabeled
hausser_neuron_337,unlabeled
hausser_neuron_338,unlabeled
hausser_neuron_339,unlabeled
hausser_neuron_34,unlabeled
hausser_neuron_340,unlabeled
hausser_neuron_341,unlabeled
hausser_neuron_342,unlabeled
hausser_neuron_343,unlabeled
hausser_neuron_344,unlabeled
hausser_neuron_345,unlabeled
hausser_neuron_346,unlabeled
hausser_neuron_347,unlabeled
hausser_neuron_348,unlabeled
hausser_neuron_349,PkC_cs
hausser_neuron_35,unlabeled
hausser_neuron_350,unlabeled
hausser_neuron_351,unlabeled
hausser_neuron_352,unlabeled
hausser_neuron_353,PkC_cs
hausser_neuron_354,unlabeled
hausser_neuron_355,unlabeled
hausser_neuron_356,PkC_ss
hausser_neuron_357,PkC_ss
hausser_neuron_358,PkC_ss
hausser_neuron_359,unlabeled
hausser_neuron_36,unlabeled
hausser_neuron_360,unlabeled
hausser_neuron_361,PkC_ss
hausser_neuron_362,PkC_ss
hausser_neuron_363,PkC_ss
hausser_neuron_364,unlabeled
hausser_neuron_365,unlabeled
hausser_neuron_366,unlabeled
hausser_neuron_367,unlabeled
hausser_neuron_368,unlabeled
hausser_neuron_369,unlabeled
hausser_neuron_37,unlabeled
hausser_neuron_370,unlabeled
hausser_neuron_371,unlabeled
hausser_neuron_372,unlabeled
hausser_neuron_373,unlabeled
hausser_neuron_374,unlabeled
hausser_neuron_375,unlabeled
hausser_neuron_376,unlabeled
hausser_neuron_377,unlabeled
hausser_neuron_378,unlabeled
hausser_neuron_379,unlabeled
hausser_neuron_38,unlabeled
hausser_neuron_380,unlabeled
hausser_neuron_381,unlabeled
hausser_neuron_382,unlabeled
hausser_neuron_383,unlabeled
hausser_neuron_384,unlabeled
hausser_neuron_385,unlabeled
hausser_neuron_386,unlabeled
hausser_neuron_387,unlabeled
hausser_neuron_388,unlabeled
hausser_neuron_389,unlabeled
hausser_neuron_39,unlabeled
hausser_neuron_390,unlabeled
hausser_neuron_391,unlabeled
hausser_neuron_392,unlabeled
hausser_neuron_393,unlabeled
hausser_neuron_394,unlabeled
hausser_neuron_395,unlabeled
hausser_neuron_396,unlabeled
hausser_neuron_397,unlabeled
hausser_neuron_398,unlabeled
hausser_neuron_399,unlabeled
hausser_neuron_4,unlabeled
hausser_neuron_40,unlabeled
hausser_neuron_400,unlabeled
hausser_neuron_401,unlabeled
hausser_neuron_402,unlabeled
hausser_neuron_403,unlabeled
hausser_neuron_404,unlabeled
hausser_neuron_405,unlabeled
hausser_neuron_406,unlabeled
hausser_neuron_407,unlabeled
hausser_neuron_408,unlabeled
hausser_neuron_409,unlabeled
hausser_neuron_41,unlabeled
hausser_neuron_410,unlabeled
hausser_neuron_411,unlabeled
hausser_neuron_412,unlabeled
hausser_neuron_413,unlabeled
hausser_neuron_414,unlabeled
hausser_neuron_415,unlabeled
hausser_neuron_416,unlabeled
hausser_neuron_417,unlabeled
hausser_neuron_418,unlabeled
hausser_neuron_419,unlabeled
hausser_neuron_42,unlabeled
hausser_neuron_420,unlabeled
hausser_neuron_421,unlabeled
hausser_neuron_422,unlabeled
hausser_neuron_423,unlabeled
hausser_neuron_424,unlabeled
hausser_neuron_425,unlabeled
hausser_neuron_426,unlabeled
hausser_neuron_427,unlabeled
hausser_neuron_428,unlabeled
hausser_neuron_429,unlabeled
hausser_neuron_43,unlabeled
hausser_neuron_430,unlabeled
hausser_neuron_431,unlabeled
hausser_neuron_432,unlabeled
hausser_neuron_433,unlabeled
hausser_neuron_434,unlabeled
hausser_neuron_435,unlabeled
hausser_neuron_436,unlabeled
hausser_neuron_437,unlabeled
hausser_neuron_438,unlabeled
hausser_neuron_439,unlabeled
hausser_neuron_44,unlabeled
hausser_neuron_440,unlabeled
hausser_neuron_441,unlabeled
hausser_neuron_442,unlabeled
hausser_neuron_443,unlabeled
hausser_neuron_444,unlabeled
hausser_neuron_445,unlabeled
hausser_neuron_446,unlabeled
hausser_neuron_447,unlabeled
hausser_neuron_448,unlabeled
hausser_neuron_449,unlabeled
hausser_neuron_45,unlabeled
hausser_neuron_450,unlabeled
hausser_neuron_451,unlabeled
hausser_neuron_452,unlabeled
hausser_neuron_453,unlabeled
hausser_neuron_454,unlabeled
hausser_neuron_455,unlabeled
hausser_neuron_456,unlabeled
hausser_neuron_457,unlabeled
hausser_neuron_458,unlabeled
hausser_neuron_459,unlabeled
hausser_neuron_46,unlabeled
hausser_neuron_460,unlabeled
hausser_neuron_461,unlabeled
hausser_neuron_462,unlabeled
hausser_neuron_463,MLI
hausser_neuron_464,unlabeled
hausser_neuron_465,MLI
hausser_neuron_466,unlabeled
hausser_neuron_467,unlabeled
hausser_neuron_468,MLI
hausser_neuron_469,MLI
hausser_neuron_47,unlabeled
hausser_neuron_470,unlabeled
hausser_neuron_471,unlabeled
hausser_neuron_472,unlabeled
hausser_neuron_473,unlabeled
hausser_neuron_474,unlabeled
hausser_neuron_475,unlabeled
hausser_neuron_476,GoC
hausser_neuron_477,unlabeled
hausser_neuron_478,GoC
hausser_neuron_479,unlabeled
hausser_neuron_48,unlabeled
hausser_neuron_480,unlabeled
hausser_neuron_481,unlabeled
hausser_neuron_482,unlabeled
hausser_neuron_483,unlabeled
hausser_neuron_484,GoC
hausser_neuron_485,unlabeled
hausser_neuron_486,unlabeled
hausser_neuron_487,unlabeled
hausser_neuron_488,unlabeled
hausser_neuron_489,unlabeled
hausser_neuron_49,unlabeled
hausser_neuron_490,unlabeled
hausser_neuron_491,unlabeled
hausser_neuron_492,unlabeled
hausser_neuron_493,unlabeled
hausser_neuron_494,unlabeled
hausser_neuron_495,unlabeled
hausser_neuron_496,unlabeled
hausser_neuron_497,unlabeled
hausser_neuron_498,unlabeled
hausser_neuron_499,unlabeled
hausser_neuron_5,unlabeled
hausser_neuron_50,unlabeled
hausser_neuron_500,unlabeled
hausser_neuron_501,unlabeled
hausser_neuron_502,unlabeled
hausser_neuron_503,unlabeled
hausser_neuron_504,unlabeled
hausser_neuron_505,MLI
hausser_neuron_506,MLI
hausser_neuron_507,GoC
hausser_neuron_508,unlabeled
hausser_neuron_509,unlabeled
hausser_neuron_51,unlabeled
hausser_neuron_510,unlabeled
hausser_neuron_511,unlabeled
hausser_neuron_512,unlabeled
hausser_neuron_513,unlabeled
hausser_neuron_514,unlabeled
hausser_neuron_515,unlabeled
hausser_neuron_516,unlabeled
hausser_neuron_517,unlabeled
hausser_neuron_518,unlabeled
hausser_neuron_519,unlabeled
hausser_neuron_52,unlabeled
hausser_neuron_520,unlabeled
hausser_neuron_521,unlabeled
hausser_neuron_522,unlabeled
hausser_neuron_523,unlabeled
hausser_neuron_524,unlabeled
hausser_neuron_525,unlabeled
hausser_neuron_526,unlabeled
hausser_neuron_527,unlabeled
hausser_neuron_528,unlabeled
hausser_neuron_529,unlabeled
hausser_neuron_53,unlabeled
hausser_neuron_530,unlabeled
hausser_neuron_531,unlabeled
hausser_neuron_532,unlabeled
hausser_neuron_533,unlabeled
hausser_neuron_534,unlabeled
hausser_neuron_535,unlabeled
hausser_neuron_536,unlabeled
hausser_neuron_537,unlabeled
hausser_neuron_538,unlabeled
hausser_neuron_539,unlabeled
hausser_neuron_54,unlabeled
hausser_neuron_540,unlabeled
hausser_neuron_541,unlabeled
hausser_neuron_542,unlabeled
hausser_neuron_543,unlabeled
hausser_neuron_544,unlabeled
hausser_neuron_545,unlabeled
hausser_neuron_546,unlabeled
hausser_neuron_547,unlabeled
hausser_neuron_548,unlabeled
hausser_neuron_549,unlabeled
hausser_neuron_55,unlabeled
hausser_neuron_550,unlabeled
hausser_neuron_551,unlabeled
hausser_neuron_552,unlabeled
hausser_neuron_553,unlabeled
hausser_neuron_554,unlabeled
hausser_neuron_555,unlabeled
hausser_neuron_556,unlabeled
hausser_neuron_557,unlabeled
hausser_neuron_558,unlabeled
hausser_neuron_559,unlabeled
hausser_neuron_56,unlabeled
hausser_neuron_560,unlabeled
hausser_neuron_561,unlabeled
hausser_neuron_562,unlabeled
hausser_neuron_563,unlabeled
hausser_neuron_564,unlabeled
hausser_neuron_565,GoC
hausser_neuron_566,unlabeled
hausser_neuron_567,unlabeled
hausser_neuron_568,unlabeled
hausser_neuron_569,unlabeled
hausser_neuron_57,unlabeled
hausser_neuron_570,unlabeled
hausser_neuron_571,unlabeled
hausser_neuron_572,unlabeled
hausser_neuron_573,unlabeled
hausser_neuron_574,unlabeled
hausser_neuron_575,unlabeled
hausser_neuron_576,unlabeled
hausser_neuron_577,unlabeled
hausser_neuron_578,unlabeled
hausser_neuron_579,unlabeled
hausser_neuron_58,unlabeled
hausser_neuron_580,unlabeled
hausser_neuron_581,unlabeled
hausser_neuron_582,unlabeled
hausser_neuron_583,unlabeled
hausser_neuron_584,unlabeled
hausser_neuron_585,unlabeled
hausser_neuron_586,unlabeled
hausser_neuron_587,unlabeled
hausser_neuron_588,unlabeled
hausser_neuron_589,unlabeled
hausser_neuron_59,unlabeled
hausser_neuron_590,unlabeled
hausser_neuron_591,unlabeled
hausser_neuron_592,unlabeled
hausser_neuron_593,unlabeled
hausser_neuron_594,unlabeled
hausser_neuron_595,unlabeled
hausser_neuron_596,unlabeled
hausser_neuron_597,unlabeled
hausser_neuron_598,unlabeled
hausser_neuron_599,unlabeled
hausser_neuron_6,unlabeled
hausser_neuron_60,unlabeled
hausser_neuron_600,unlabeled
hausser_neuron_601,unlabeled
hausser_neuron_602,unlabeled
hausser_neuron_603,unlabeled
hausser_neuron_604,unlabeled
hausser_neuron_605,unlabeled
hausser_neuron_606,unlabeled
hausser_neuron_607,unlabeled
hausser_neuron_608,unlabeled
hausser_neuron_609,unlabeled
hausser_neuron_61,unlabeled
hausser_neuron_610,unlabeled
hausser_neuron_611,unlabeled
hausser_neuron_612,unlabeled
hausser_neuron_613,unlabeled
hausser_neuron_614,unlabeled
hausser_neuron_615,unlabeled
hausser_neuron_616,unlabeled
hausser_neuron_617,PkC_cs
hausser_neuron_618,unlabeled
hausser_neuron_619,unlabeled
hausser_neuron_62,unlabeled
hausser_neuron_620,unlabeled
hausser_neuron_621,unlabeled
hausser_neuron_622,unlabeled
hausser_neuron_623,unlabeled
hausser_neuron_624,unlabeled
hausser_neuron_625,unlabeled
hausser_neuron_626,unlabeled
hausser_neuron_627,unlabeled
hausser_neuron_628,unlabeled
hausser_neuron_629,PkC_cs
hausser_neuron_63,unlabeled
hausser_neuron_630,unlabeled
hausser_neuron_631,unlabeled
hausser_neuron_632,unlabeled
hausser_neuron_633,unlabeled
hausser_neuron_634,unlabeled
hausser_neuron_635,unlabeled
hausser_neuron_636,unlabeled
hausser_neuron_637,unlabeled
hausser_neuron_638,unlabeled
hausser_neuron_639,unlabeled
hausser_neuron_64,unlabeled
hausser_neuron_640,unlabeled
hausser_neuron_641,unlabeled
hausser_neuron_642,unlabeled
hausser_neuron_643,unlabeled
hausser_neuron_644,unlabeled
hausser_neuron_645,unlabeled
hausser_neuron_646,unlabeled
hausser_neuron_647,unlabeled
hausser_neuron_648,unlabeled
hausser_neuron_649,unlabeled
hausser_neuron_65,unlabeled
hausser_neuron_650,unlabeled
hausser_neuron_651,unlabeled
hausser_neuron_652,unlabeled
hausser_neuron_653,unlabeled
hausser_neuron_654,unlabeled
hausser_neuron_655,unlabeled
hausser_neuron_656,unlabeled
hausser_neuron_657,unlabeled
hausser_neuron_658,GrC
hausser_neuron_659,GrC
hausser_neuron_66,unlabeled
hausser_neuron_660,GrC
hausser_neuron_661,unlabeled
hausser_neuron_662,unlabeled
hausser_neuron_663,unlabeled
hausser_neuron_664,unlabeled
hausser_neuron_665,unlabeled
hausser_neuron_666,unlabeled
hausser_neuron_667,unlabeled
hausser_neuron_668,unlabeled
hausser_neuron_669,unlabeled
hausser_neuron_67,unlabeled
hausser_neuron_670,unlabeled
hausser_neuron_671,unlabeled
hausser_neuron_672,unlabeled
hausser_neuron_673,unlabeled
hausser_neuron_674,PkC_ss
hausser_neuron_675,unlabeled
hausser_neuron_676,unlabeled
hausser_neuron_677,PkC_ss
hausser_neuron_678,unlabeled
hausser_neuron_679,unlabeled
hausser_neuron_68,unlabeled
hausser_neuron_680,unlabeled
hausser_neuron_681,unlabeled
hausser_neuron_682,unlabeled
hausser_neuron_683,unlabeled
hausser_neuron_684,unlabeled
hausser_neuron_685,unlabeled
hausser_neuron_686,unlabeled
hausser_neuron_687,unlabeled
hausser_neuron_688,unlabeled
hausser_neuron_689,unlabeled
hausser_neuron_69,unlabeled
hausser_neuron_690,unlabeled
hausser_neuron_691,unlabeled
hausser_neuron_692,unlabeled
hausser_neuron_693,unlabeled
hausser_neuron_694,unlabeled
hausser_neuron_695,unlabeled
hausser_neuron_696,unlabeled
hausser_neuron_697,unlabeled
hausser_neuron_698,unlabeled
hausser_neuron_699,unlabeled
hausser_neuron_7,unlabeled
hausser_neuron_70,unlabeled
hausser_neuron_700,unlabeled
hausser_neuron_701,unlabeled
hausser_neuron_702,unlabeled
hausser_neuron_703,unlabeled
hausser_neuron_704,GrC
hausser_neuron_705,unlabeled
hausser_neuron_706,unlabeled
hausser_neuron_707,unlabeled
hausser_neuron_708,unlabeled
hausser_neuron_709,unlabeled
hausser_neuron_71,unlabeled
hausser_neuron_710,unlabeled
hausser_neuron_711,unlabeled
hausser_neuron_712,unlabeled
hausser_neuron_713,unlabeled
hausser_neuron_714,unlabeled
hausser_neuron_715,unlabeled
hausser_neuron_716,unlabeled
hausser_neuron_717,unlabeled
hausser_neuron_718,unlabeled
hausser_neuron_719,unlabeled
hausser_neuron_72,unlabeled
hausser_neuron_720,unlabeled
hausser_neuron_721,unlabeled
hausser_neuron_722,unlabeled
hausser_neuron_723,unlabeled
hausser_neuron_724,unlabeled
hausser_neuron_725,unlabeled
hausser_neuron_726,unlabeled
hausser_neuron_727,GrC
hausser_neuron_728,unlabeled
hausser_neuron_729,unlabeled
hausser_neuron_73,unlabeled
hausser_neuron_730,unlabeled
hausser_neuron_731,unlabeled
hausser_neuron_732,unlabeled
hausser_neuron_733,unlabeled
hausser_neuron_734,unlabeled
hausser_neuron_735,unlabeled
hausser_neuron_736,unlabeled
hausser_neuron_737,unlabeled
hausser_neuron_738,unlabeled
hausser_neuron_739,unlabeled
hausser_neuron_74,unlabeled
hausser_neuron_740,unlabeled
hausser_neuron_741,unlabeled
hausser_neuron_742,unlabeled
hausser_neuron_743,unlabeled
hausser_neuron_744,unlabeled
hausser_neuron_745,unlabeled
hausser_neuron_746,unlabeled
hausser_neuron_747,unlabeled
hausser_neuron_748,unlabeled
hausser_neuron_749,unlabeled
hausser_neuron_75,unlabeled
hausser_neuron_750,unlabeled
hausser_neuron_751,unlabeled
hausser_neuron_752,unlabeled
hausser_neuron_753,unlabeled
hausser_neuron_754,GrC
hausser_neuron_755,unlabeled
hausser_neuron_756,unlabeled
hausser_neuron_757,unlabeled
hausser_neuron_758,unlabeled
hausser_neuron_759,unlabeled
hausser_neuron_76,unlabeled
hausser_neuron_760,unlabeled
hausser_neuron_761,unlabeled
hausser_neuron_762,unlabeled
hausser_neuron_763,unlabeled
hausser_neuron_764,unlabeled
hausser_neuron_765,unlabeled
hausser_neuron_766,unlabeled
hausser_neuron_767,unlabeled
hausser_neuron_768,unlabeled
hausser_neuron_769,unlabeled
hausser_neuron_77,unlabeled
hausser_neuron_770,unlabeled
hausser_neuron_771,unlabeled
hausser_neuron_772,unlabeled
hausser_neuron_773,unlabeled
hausser_neuron_774,unlabeled
hausser_neuron_775,unlabeled
hausser_neuron_776,unlabeled
hausser_neuron_777,unlabeled
hausser_neuron_778,unlabeled
hausser_neuron_779,unlabeled
hausser_neuron_78,unlabeled
hausser_neuron_780,unlabeled
hausser_neuron_781,unlabeled
hausser_neuron_782,unlabeled
hausser_neuron_783,unlabeled
hausser_neuron_784,unlabeled
hausser_neuron_785,unlabeled
hausser_neuron_786,unlabeled
hausser_neuron_787,unlabeled
hausser_neuron_788,unlabeled
hausser_neuron_789,unlabeled
hausser_neuron_79,unlabeled
hausser_neuron_790,unlabeled
hausser_neuron_791,unlabeled
hausser_neuron_792,unlabeled
hausser_neuron_793,unlabeled
hausser_neuron_794,unlabeled
hausser_neuron_795,unlabeled
hausser_neuron_796,unlabeled
hausser_neuron_797,unlabeled
hausser_neuron_798,unlabeled
hausser_neuron_799,unlabeled
hausser_neuron_8,unlabeled
hausser_neuron_80,unlabeled
hausser_neuron_800,unlabeled
hausser_neuron_801,unlabeled
hausser_neuron_802,unlabeled
hausser_neuron_803,unlabeled
hausser_neuron_804,unlabeled
hausser_neuron_805,unlabeled
hausser_neuron_806,unlabeled
hausser_neuron_807,unlabeled
hausser_neuron_808,unlabeled
hausser_neuron_809,unlabeled
hausser_neuron_81,unlabeled
hausser_neuron_810,unlabeled
hausser_neuron_811,unlabeled
hausser_neuron_812,unlabeled
hausser_neuron_813,unlabeled
hausser_neuron_814,unlabeled
hausser_neuron_815,unlabeled
hausser_neuron_816,unlabeled
hausser_neuron_817,unlabeled
hausser_neuron_818,unlabeled
hausser_neuron_819,unlabeled
hausser_neuron_82,unlabeled
hausser_neuron_820,unlabeled
hausser_neuron_821,unlabeled
hausser_neuron_822,unlabeled
hausser_neuron_823,unlabeled
hausser_neuron_824,unlabeled
hausser_neuron_825,unlabeled
hausser_neuron_826,unlabeled
hausser_neuron_827,unlabeled
hausser_neuron_828,unlabeled
hausser_neuron_829,unlabeled
hausser_neuron_83,unlabeled
hausser_neuron_830,unlabeled
hausser_neuron_831,unlabeled
hausser_neuron_832,unlabeled
hausser_neuron_833,unlabeled
hausser_neuron_834,unlabeled
hausser_neuron_835,unlabeled
hausser_neuron_836,unlabeled
hausser_neuron_837,unlabeled
hausser_neuron_838,unlabeled
hausser_neuron_839,unlabeled
hausser_neuron_84,unlabeled
hausser_neuron_840,unlabeled
hausser_neuron_841,GrC
hausser_neuron_842,unlabeled
hausser_neuron_843,GrC
hausser_neuron_844,unlabeled
hausser_neuron_845,unlabeled
hausser_neuron_846,unlabeled
hausser_neuron_847,GrC
hausser_neuron_848,unlabeled
hausser_neuron_849,unlabeled
hausser_neuron_85,unlabeled
hausser_neuron_850,unlabeled
hausser_neuron_851,unlabeled
hausser_neuron_852,unlabeled
hausser_neuron_853,unlabeled
hausser_neuron_854,unlabeled
hausser_neuron_855,unlabeled
hausser_neuron_856,unlabeled
hausser_neuron_857,unlabeled
hausser_neuron_858,unlabeled
hausser_neuron_859,unlabeled
hausser_neuron_86,unlabeled
hausser_neuron_860,unlabeled
hausser_neuron_861,unlabeled
hausser_neuron_862,unlabeled
hausser_neuron_863,unlabeled
hausser_neuron_864,unlabeled
hausser_neuron_865,unlabeled
hausser_neuron_866,unlabeled
hausser_neuron_867,unlabeled
hausser_neuron_868,unlabeled
hausser_neuron_869,unlabeled
hausser_neuron_87,unlabeled
hausser_neuron_870,unlabeled
hausser_neuron_871,unlabeled
hausser_neuron_872,unlabeled
hausser_neuron_873,unlabeled
hausser_neuron_874,unlabeled
hausser_neuron_875,unlabeled
hausser_neuron_876,unlabeled
hausser_neuron_877,unlabeled
hausser_neuron_878,unlabeled
hausser_neuron_879,unlabeled
hausser_neuron_88,unlabeled
hausser_neuron_880,unlabeled
hausser_neuron_881,unlabeled
hausser_neuron_882,unlabeled
hausser_neuron_883,unlabeled
hausser_neuron_884,unlabeled
hausser_neuron_885,unlabeled
hausser_neuron_886,unlabeled
hausser_neuron_887,unlabeled
hausser_neuron_888,unlabeled
hausser_neuron_889,unlabeled
hausser_neuron_89,unlabeled
hausser_neuron_890,unlabeled
hausser_neuron_891,unlabeled
hausser_neuron_892,unlabeled
hausser_neuron_893,unlabeled
hausser_neuron_894,unlabeled
hausser_neuron_895,unlabeled
hausser_neuron_896,unlabeled
hausser_neuron_897,unlabeled
hausser_neuron_898,unlabeled
hausser_neuron_899,unlabeled
hausser_neuron_9,unlabeled
hausser_neuron_90,unlabeled
hausser_neuron_900,unlabeled
hausser_neuron_901,unlabeled
hausser_neuron_902,unlabeled
hausser_neuron_903,unlabeled
hausser_neuron_904,unlabeled
hausser_neuron_905,unlabeled
hausser_neuron_906,unlabeled
hausser_neuron_907,unlabeled
hausser_neuron_908,unlabeled
hausser_neuron_909,unlabeled
hausser_neuron_91,unlabeled
hausser_neuron_910,unlabeled
hausser_neuron_911,unlabeled
hausser_neuron_912,unlabeled
hausser_neuron_913,unlabeled
hausser_neuron_914,MFB
hausser_neuron_915,unlabeled
hausser_neuron_916,unlabeled
hausser_neuron_917,unlabeled
hausser_neuron_918,unlabeled
hausser_neuron_919,unlabeled
hausser_neuron_92,unlabeled
hausser_neuron_920,unlabeled
hausser_neuron_921,MFB
hausser_neuron_922,unlabeled
hausser_neuron_923,unlabeled
hausser_neuron_924,unlabeled
hausser_neuron_925,unlabeled
hausser_neuron_926,PkC_ss
hausser_neuron_927,unlabeled
hausser_neuron_928,PkC_cs
hausser_neuron_929,PkC_cs
hausser_neuron_93,unlabeled
hausser_neuron_930,unlabeled
hausser_neuron_931,unlabeled
hausser_neuron_932,unlabeled
hausser_neuron_933,unlabeled
hausser_neuron_934,unlabeled
hausser_neuron_935,unlabeled
hausser_neuron_936,PkC_ss
hausser_neuron_937,unlabeled
hausser_neuron_938,MFB
hausser_neuron_939,unlabeled
hausser_neuron_94,unlabeled
hausser_neuron_940,unlabeled
hausser_neuron_941,unlabeled
hausser_neuron_942,unlabeled
hausser_neuron_943,unlabeled
hausser_neuron_944,MFB
hausser_neuron_945,unlabeled
hausser_neuron_946,MFB
hausser_neuron_947,unlabeled
hausser_neuron_948,unlabeled
hausser_neuron_949,unlabeled
hausser_neuron_95,unlabeled
hausser_neuron_950,unlabeled
hausser_neuron_951,unlabeled
hausser_neuron_952,unlabeled
hausser_neuron_953,unlabeled
hausser_neuron_954,unlabeled
hausser_neuron_955,unlabeled
hausser_neuron_956,unlabeled
hausser_neuron_957,unlabeled
hausser_neuron_958,unlabeled
hausser_neuron_959,unlabeled
hausser_neuron_96,unlabeled
hausser_neuron_960,unlabeled
hausser_neuron_961,unlabeled
hausser_neuron_962,unlabeled
hausser_neuron_963,unlabeled
hausser_neuron_964,unlabeled
hausser_neuron_965,unlabeled
hausser_neuron_966,unlabeled
hausser_neuron_967,unlabeled
hausser_neuron_968,unlabeled
hausser_neuron_969,unlabeled
hausser_neuron_97,unlabeled
hausser_neuron_970,unlabeled
hausser_neuron_971,unlabeled
hausser_neuron_972,unlabeled
hausser_neuron_973,unlabeled
hausser_neuron_974,unlabeled
hausser_neuron_975,unlabeled
hausser_neuron_976,unlabeled
hausser_neuron_977,unlabeled
hausser_neuron_978,unlabeled
hausser_neuron_979,unlabeled
hausser_neuron_98,unlabeled
hausser_neuron_980,unlabeled
hausser_neuron_981,PkC_ss
hausser_neuron_982,unlabeled
hausser_neuron_983,unlabeled
hausser_neuron_984,unlabeled
hausser_neuron_985,unlabeled
hausser_neuron_986,unlabeled
hausser_neuron_987,unlabeled
hausser_neuron_988,unlabeled
hausser_neuron_989,unlabeled
hausser_neuron_99,PkC_ss
hausser_neuron_990,unlabeled
hausser_neuron_991,unlabeled
hausser_neuron_992,unlabeled
hausser_neuron_993,unlabeled
hausser_neuron_994,unlabeled
hausser_neuron_995,unlabeled
hausser_neuron_996,unlabeled
hausser_neuron_997,unlabeled
hausser_neuron_998,unlabeled
hausser_neuron_999,PkC_cs
