0,1,2,3,4,5,6,7,8,9,10,11,12,13,14,15,16,17,18,19,20,21,22,23,24,25,26,27,28,29,label_training_space,label_original
0.005621575,-0.00041429058,0.015615512,0.007182665,-0.0036277026,-0.009797651,-0.0023454977,0.00429714,-0.004877597,-0.008785844,-0.0039206445,0.0062855408,0.0076481514,0.0025318936,-0.0063876063,0.0065671057,-0.0039053261,-0.002200123,0.009712279,-0.009913422,0.019318487,-0.00016584247,0.0084338635,-0.002299415,0.0071959943,-0.01700753,-0.0051214844,0.0055076256,0.0075671943,-0.009288907,MFB,MFB
-0.001466997,0.00492068,0.018384848,0.006246738,0.0014931485,-0.009443719,0.0021411357,-0.0008622771,0.0060057044,-0.0073926,-0.0034036934,0.0069234297,0.009464687,0.0043787956,-0.0010909289,0.006408766,-0.0039011464,-0.0022378936,0.0075964183,-0.0058219954,0.017268829,-0.0035460293,0.007257208,-0.005737124,0.009813115,-0.008938909,-0.0069802403,0.004294403,0.0049345326,-0.0048005655,MFB,MFB
0.0090305805,-0.011981557,-0.007426709,0.0050784126,0.0022013076,0.0023468584,0.0032530604,-0.0012292201,0.0009279847,0.0013511181,-0.009758659,-0.015072972,0.006496573,-0.021776594,0.0010122806,0.0019869134,-0.010630235,0.0035518631,-3.0085444e-05,-0.004637316,0.011409758,-0.009482741,-0.0041605234,-0.0013893973,0.005164154,-0.0029307157,-0.0239698,-0.0063916966,-0.004142928,0.0059251264,PkC_cs,PkC_cs
0.011592895,-0.004687152,0.0006947778,0.004463032,0.0019707382,-0.0009918883,-0.0030498337,-0.00057822186,0.009704709,-0.005635068,-0.0022105128,-0.010929324,-0.008473624,-0.0049353912,0.002670914,0.006648883,-0.0048583075,0.0015610866,-0.0031710714,0.010050416,0.00088361464,-0.0050782785,0.0065706223,0.0010481328,-0.0022253767,0.006404847,-0.014440969,0.008882903,0.00015129335,0.002771318,MLI,MLI
0.009864546,-0.007921042,-0.0026876144,0.0048778504,0.0006305389,-0.00023336895,-0.0011550551,-0.0010807794,0.006421536,-0.0030782074,0.0010766983,-0.013603494,-0.0047877505,-0.007187605,0.0024356171,0.006243728,-0.0023239926,0.005766947,0.00015038252,0.006700285,0.0042307694,-0.0026275367,0.0021306388,-0.0029317122,2.3342669e-05,0.007473275,-0.01624851,0.0064813495,0.0050421692,0.0021553747,PkC_ss,PkC_ss
0.00627172,-0.01450809,-0.002757579,0.00063212216,-0.00093783066,-0.00078523904,-0.0020957422,0.001462562,0.0029585958,-0.0019239038,-0.009490602,-0.019274905,0.0035726093,-0.018614173,-0.003172338,0.0039804503,-0.011188373,0.001151681,0.005261883,-0.0082050115,0.005199127,-0.0043130517,-0.0013674088,0.010876976,0.005981751,-0.0044583827,-0.02841682,0.0010261387,-0.0057892436,0.00031864643,PkC_cs,PkC_cs
0.018841907,-0.008948652,-0.010844227,0.0060455874,-0.0028044619,0.0067540593,-0.001193272,0.0058851894,-0.003099516,-0.0026876926,-0.0116203055,-0.019481458,0.004569836,-0.019416578,0.0007760227,-0.00076984614,-0.014434516,0.012014829,-0.0059862584,-0.0007318184,0.01597753,-0.01613257,-0.004146155,-0.0046471786,0.0015458912,-0.0040716976,-0.025804251,-0.004780516,0.0012233155,0.003188789,MFB,MFB
0.029542685,-0.00077148154,-0.010354627,-0.007823706,-0.0039745234,-0.002047658,0.00018315949,0.0039261635,0.006648287,-0.015461013,-0.023279049,-0.026408967,0.014895543,-0.017183706,0.012435265,-0.011624031,-0.028538294,0.00038502365,-0.01949066,-0.019131586,0.012025572,-0.02238451,0.0043648705,0.0057542864,0.00031601638,-0.01963912,-0.038035132,0.0032588914,-0.0047151903,0.012368545,MFB,MFB
0.015030317,0.0035948737,0.011226062,-0.0027162358,-0.006358005,-0.016269326,-0.0023764754,0.007114576,0.014652923,-0.018005356,-0.02111882,-0.010461144,0.0065669287,-0.0075708404,0.008362271,-0.0034073815,-0.020655863,-0.0017606542,-0.003789559,-0.013141327,0.021686127,-0.017560609,0.00584656,-0.003279917,0.0016213283,-0.01321964,-0.02024877,0.013333462,-0.00140676,0.0057052188,MFB,MFB
0.032365665,-0.0025656468,-0.012207713,-0.0053211823,-0.0035254508,-0.0019774055,-0.0022541508,0.003249377,0.0076208413,-0.019288525,-0.026561156,-0.031024013,0.011032959,-0.018888563,0.010555819,-0.013237178,-0.031834237,0.0006480515,-0.02038537,-0.016258858,0.0069449656,-0.027322263,0.0069415644,0.01074124,4.6789646e-05,-0.01947204,-0.041263267,0.0049923956,-0.009537327,0.014348645,MFB,MFB
0.028882653,0.0012914476,-0.00026681647,-0.007925622,-0.012161914,-0.012931908,-0.006554235,0.009446535,0.018036604,-0.020123333,-0.031187803,-0.029488023,0.0069921054,-0.018479794,0.018008001,-0.011923499,-0.032851413,9.506196e-05,-0.017192885,-0.016454875,0.01969941,-0.025976479,0.006683387,0.00068365224,0.0023366362,-0.019143693,-0.037995204,0.020920426,-0.006385046,0.013623834,MFB,MFB
0.020761013,-0.0017473052,-0.010130998,0.0011200011,-3.5740435e-05,0.0054551084,0.0049531264,-0.0018139686,0.007178813,-0.006937176,-0.010063671,-0.016407311,0.00529626,-0.011159748,0.009397641,0.000408791,-0.018500708,0.0059320405,-0.013184264,-0.0019119605,0.009546008,-0.014606141,-0.0012343936,-0.0033330359,-0.00081938505,-0.006729558,-0.027951166,0.002439946,0.0009255633,0.0058650672,PkC_ss,PkC_ss
0.023436889,-0.000617916,-0.00991727,-0.0035491288,0.0034210198,0.0037601963,0.0022810837,-0.0032320162,0.010364875,-0.012676135,-0.013722353,-0.020018071,0.0055178106,-0.014124438,0.010358579,-0.0030854046,-0.021147333,0.0023586527,-0.0153244585,-0.0042105094,0.0058784354,-0.01687596,0.0010513328,0.0046216324,-0.0016628057,-0.008654982,-0.032778524,0.0053645745,-0.0026262207,0.0064504817,PkC_ss,PkC_ss
0.013329558,-0.012252908,-0.0051653683,0.004426338,0.0007042028,0.003779702,0.0005144961,0.00053472165,0.002044335,-0.0013081878,-0.007982418,-0.01540003,-0.0004477743,-0.016413152,0.00070519745,0.0011266768,-0.008468457,0.008476146,0.00038425624,0.0034271553,0.012358744,-0.00639157,-0.0021045841,-0.0021000858,0.00090298057,-0.00048244,-0.020996392,-0.0019446611,0.0029358314,-0.00029641762,PkC_ss,PkC_ss
0.008835174,-0.0078048697,-0.0035455003,0.0017383769,-0.00056480244,-0.0035348432,-0.0026178202,0.0037564337,0.0017392635,-0.0033033192,-0.0055834725,-0.015173845,0.004528897,-0.013033189,0.00039699674,0.004905246,-0.006609142,0.0008905418,0.0020891875,-0.007345155,0.003794508,-0.0027871132,0.0027637333,0.005861679,0.003971882,-0.0008943975,-0.023771621,0.000353083,-0.0022426816,0.0060757324,PkC_cs,PkC_cs
0.032053113,-0.0016346689,-0.0083942115,-0.008148126,-0.007979386,-0.006385656,-0.0048176944,0.005678093,0.009680241,-0.022902578,-0.030111022,-0.032890875,0.009724224,-0.019257955,0.012951903,-0.01607193,-0.032815233,0.0003524162,-0.021286383,-0.019026086,0.009547301,-0.02806063,0.007630311,0.010245428,0.0031306297,-0.022407562,-0.04049828,0.015817098,-0.010980104,0.012846641,MFB,MFB
0.010296322,-0.0072892774,-0.0049557984,0.0009881034,-0.0014405288,-0.004301493,-0.0020528585,0.0048647523,0.002069071,-0.0028887242,-0.006166227,-0.017036699,0.006737115,-0.013527058,-0.0008190051,0.0038288757,-0.007371992,0.0006586984,0.0005315393,-0.009937689,0.0003533531,-0.005043313,0.0033834614,0.0048776437,0.001742363,0.00092732906,-0.023763314,0.0011164024,-0.0009163404,0.008697916,PkC_cs,PkC_cs
0.019494072,-0.005829892,-0.011922926,0.0022338703,-0.0014626756,0.0030145794,0.0031164791,0.0005787243,0.005051732,-0.007982954,-0.012961306,-0.020993322,0.009680128,-0.01830624,0.0025887862,0.0026459098,-0.019516036,0.005086191,-0.0032347143,-0.008820653,0.014381186,-0.013131864,-0.0018821098,0.0026756097,0.0035930723,-0.0073581487,-0.034804106,-0.006054856,-0.0036045527,0.008836422,PkC_cs,PkC_cs
0.012889683,-0.0064516515,-0.0015195981,0.0038289204,0.0015686266,-0.0017101718,-0.0018181726,-0.000590479,0.01074411,-0.006387219,-0.0035745725,-0.013834067,-0.0070009306,-0.009521566,0.004514292,0.004662439,-0.0051106736,0.0015742145,-0.0032600313,0.007256925,0.0017884858,-0.004295416,0.006360039,0.0025767758,-0.0015292615,0.004289657,-0.018496275,0.009084262,-0.00067517534,0.0052079447,MLI,MLI
0.013160087,-0.0057754433,-3.247708e-05,0.0041578636,-0.0004606098,-0.0010583568,-0.003717633,-0.0007188786,0.010050446,-0.008664787,-0.00076776743,-0.014517911,-0.008590944,-0.0050343648,0.0025459826,0.006150618,-0.0045590475,0.0031026192,-0.0027903318,0.00914415,0.0025648456,-0.006473288,0.005898565,-4.575774e-05,-0.00095856935,0.006318122,-0.015667737,0.010879993,0.002149118,0.0027055256,MLI,MLI
0.010719597,-0.009212556,-0.0007456355,0.006342545,0.0015126877,0.0016980246,-0.0042959843,-0.0013160296,0.008319497,-0.0046970695,-0.0058676302,-0.013560489,-0.011130579,-0.010617614,0.0018849447,0.003535837,-0.0063914284,0.006104555,-0.0023929477,0.011725754,0.008380126,-0.007828236,0.0033008195,0.0016240496,0.00030635297,0.0031777024,-0.017763868,0.007403277,-0.0016631652,-0.0011746585,MLI,MLI
0.0097632855,-0.0073534427,-0.00012722984,0.0060435086,0.004511673,0.0029677078,-0.0028522843,-0.0019603781,0.0047555715,-0.002244085,0.0011950731,-0.009619616,-0.008176088,-0.004051648,-0.0016089827,0.0067294985,-0.0037539154,0.0075684674,-0.00017338991,0.013207056,0.005682785,-0.0034170672,0.002565924,-0.0025587473,-0.0013747811,0.007861286,-0.0115252435,0.0036490485,0.0051003294,-0.004742898,MLI,MLI
0.020134233,-0.00652769,-0.006090708,0.012904324,-0.002526082,0.0074311197,0.006156376,-0.0013191281,0.00630486,-0.007652238,-0.011406973,-0.013907902,-0.00483568,-0.010065027,0.0049127936,0.001738511,-0.01696597,0.008942582,-0.0116862655,0.008742407,0.013413825,-0.01744721,0.0022564158,-0.0034276322,-0.0002606362,-0.004781604,-0.02556356,-0.00019742548,-0.00342339,0.00469476,MLI,MLI
0.02763912,0.0017264397,-0.010073256,-0.0073895454,-0.0025514364,0.0032103453,0.003336504,-0.0004912121,0.012001023,-0.014465421,-0.02106449,-0.023672864,0.0075929873,-0.014062554,0.01635176,-0.01153516,-0.02875971,-0.0003394857,-0.024475947,-0.009295188,0.0060051195,-0.024222277,0.0018613152,0.0039805975,-0.003038317,-0.015804723,-0.034265406,0.009821892,-0.005516936,0.010558415,PkC_ss,PkC_ss
0.022111341,-0.001438348,-0.008800346,-0.0033277124,-0.0033374466,0.0042953435,0.005592271,0.0011388743,0.0066969395,-0.0073807687,-0.013371803,-0.020104513,0.011776546,-0.014297858,0.007652223,-0.001978159,-0.022149317,0.003626112,-0.012203768,-0.00980787,0.009249276,-0.0155137405,-0.0020378008,-0.0015540849,-0.00033343583,-0.009911239,-0.028791875,-7.419288e-05,2.2947788e-05,0.008066237,PkC_ss,PkC_ss
0.018122464,-0.008608719,-0.007619325,0.0042302087,-0.0040880367,0.0047248453,0.0015990082,0.003445068,0.0014376044,-0.005333692,-0.01128722,-0.01855553,0.0050380602,-0.018736735,0.003888175,0.0005827844,-0.014518157,0.0064373463,-0.0052674264,-0.0018875971,0.015832981,-0.014769785,-0.00450157,-0.004756598,0.0022203848,-0.0055649877,-0.02535513,-0.0026839375,-0.00042475574,0.005887367,PkC_ss,PkC_ss
0.02846951,-0.00085677917,-0.009975653,-0.006326303,-0.00027035177,-0.004856688,-0.0014094869,0.0026206071,0.004578799,-0.012970984,-0.021870397,-0.022127971,0.012162682,-0.015127324,0.011477783,-0.009218678,-0.024260797,0.00027104095,-0.015319347,-0.015078612,0.012813612,-0.018435992,0.0074694827,0.004420871,-0.00044244528,-0.016231745,-0.033356704,-0.00020480901,-0.004283716,0.011907339,MFB,MFB
0.010339245,-0.0072171493,-0.0030116588,0.0022964403,-0.0007086769,-0.0015670704,-0.0007887054,0.0019868459,0.0055580586,-0.0044037253,-0.00028941035,-0.015174791,-0.00063042715,-0.008596092,0.002748102,0.005042486,-0.0032152608,0.0043579116,0.0006875992,0.0019661784,0.0045603495,-0.0027322248,0.0013381429,-0.001664076,3.5241246e-05,0.0050815046,-0.017414093,0.005733289,0.0046888916,0.0039187334,PkC_ss,PkC_ss
0.014395855,-0.010312902,-0.0061895326,0.0019574165,-0.00094084814,0.004141962,-0.0020403778,0.002709696,0.0020623803,-0.003386125,-0.007846661,-0.018725395,0.0033930764,-0.019084029,0.00028643757,0.0010992736,-0.010523587,0.007500682,-0.0011398345,-0.000954777,0.012056587,-0.009821348,-0.0041738935,-0.0018596463,0.00204622,-0.0017659515,-0.022903495,-0.0011739656,0.002490798,0.0019896552,PkC_ss,PkC_ss
0.012998655,-0.010444185,-0.0047779866,0.0026503652,-0.0006657243,0.002394298,-0.0012293411,0.0016156472,0.0038670003,-0.0031678528,-0.0055878013,-0.017915845,-7.996708e-05,-0.015885182,0.00029169023,0.0019868016,-0.007278599,0.007698953,0.0008196533,0.0019983128,0.009576386,-0.0066655725,-0.001669813,-0.0011094213,0.0008346513,0.001739338,-0.020728707,0.0011443496,0.0032960204,0.0016697533,PkC_ss,PkC_ss
0.015233226,-0.0060771145,-0.0035920925,-0.00089256465,-0.005376205,-0.004900299,-0.0034556668,0.007914156,-0.00044840574,-0.0053349286,-0.007890902,-0.018173762,0.007015422,-0.011664629,0.0019340664,0.0043502897,-0.009262219,0.0003554821,-0.00062185526,-0.008035257,0.0045732856,-0.005978003,0.0022515021,0.00069978833,0.0012640208,-0.0023105443,-0.02267865,0.0028966293,0.0016630571,0.0071823522,PkC_cs,PkC_cs
0.009525873,-0.0027406039,-0.0030726567,0.00086034834,-0.0018023178,-0.0029768432,-0.00088117365,0.004889966,-0.00078962743,-0.001397118,0.00022000074,-0.013093539,0.00955547,-0.007159747,-0.002693206,0.0080029145,-0.0061931685,-0.0015906766,0.0019649416,-0.007925332,-0.003850842,-0.0018677115,0.0029929616,0.0014716983,0.0014168844,0.0028019398,-0.016716003,-0.0031826347,0.0014385991,0.008040268,PkC_cs,PkC_cs
0.022217236,-0.008131589,-0.01062724,-0.0009053126,-0.0012875162,0.0028872155,0.0019730479,0.0015018117,0.0033421516,-0.008892074,-0.0148981735,-0.022521906,0.010654189,-0.020384751,0.0010756403,0.0014511943,-0.021372795,0.004107576,-0.0026011914,-0.011299752,0.015443636,-0.011903778,-0.0011291131,0.0046691485,0.004001558,-0.011124477,-0.034056418,-0.0033301786,-0.003043917,0.0055601224,PkC_cs,PkC_cs
0.0024286062,-0.015063215,-0.0046880245,0.0037733316,0.0017660595,0.0005639214,-0.0006600544,0.00041017402,-0.00094528496,0.00470683,-0.008056067,-0.014701709,0.0060508884,-0.020466529,-0.003268011,0.00089205056,-0.006382555,0.0048107468,0.0038869977,-0.008789204,0.007160429,-0.004894361,-0.0025425255,0.0025940593,0.0073268786,-0.001944676,-0.021639213,-0.0050590187,-0.0023588864,0.0022198595,PkC_cs,PkC_cs
0.012485847,-0.003934047,-0.0008178875,0.002865702,0.005558647,-0.004507739,0.0013346486,-0.007005562,0.00016742945,-0.005618885,-0.012992822,-0.007623926,0.004398633,-0.005255632,0.0063264146,-0.001880087,-0.009284563,0.0029264577,0.0015577674,-0.0019558594,0.010089787,-0.009660676,0.010757484,-0.0015828218,0.010790899,-0.0056522787,-0.015923515,-0.0031333566,-0.0063885236,0.005289577,MFB,MFB
0.02687905,-0.001852791,-0.00089835003,-0.00834953,-0.00879088,-0.01248627,-0.006669184,0.0078062234,0.012323558,-0.020006433,-0.0279015,-0.028695147,0.0055007897,-0.018775813,0.014405139,-0.010975555,-0.03174059,0.0005915724,-0.01748325,-0.01807955,0.014618709,-0.023699813,0.0036301427,0.0039053634,0.00263004,-0.018931754,-0.033159517,0.021832287,-0.007971079,0.009863451,MFB,MFB
0.027938657,3.674347e-05,-0.0064431913,-0.009132259,-0.006727483,-0.0077877296,-0.006730562,0.0052703293,0.010478854,-0.02315022,-0.027237453,-0.029880505,0.0077564977,-0.018085435,0.0127626285,-0.01452335,-0.030075818,0.00019647926,-0.019592226,-0.0171182,0.0103115775,-0.02638039,0.0062019005,0.0095580425,0.0036618337,-0.02080483,-0.03667356,0.017870747,-0.011497752,0.011292551,MFB,MFB
0.030340716,-0.0013764724,-0.011718076,-0.0059625953,-0.005110681,-0.0026890226,-0.0010096496,0.0051995907,0.004565954,-0.015009284,-0.025654607,-0.027815044,0.013577791,-0.01771205,0.013739936,-0.013832115,-0.0289324,0.00095308945,-0.020972207,-0.018984996,0.012780196,-0.02422063,0.0058419853,0.006534094,0.0012952983,-0.020594224,-0.039954886,0.00516174,-0.0066308854,0.012152787,MFB,MFB
0.02464471,-0.0020700947,0.000104151666,-0.006665863,-0.0070873685,-0.010339305,-0.006615065,0.0059315357,0.013062596,-0.02175942,-0.025005989,-0.027643435,0.0029290263,-0.017481685,0.013072513,-0.0090309605,-0.030885123,0.0004495792,-0.018779159,-0.015538901,0.010999921,-0.024393626,0.0008285083,0.0048410688,0.0030433089,-0.017473847,-0.031239338,0.02421327,-0.008018059,0.00727015,MFB,MFB
0.00031471997,0.0023515054,0.0027975626,0.0018437356,0.00090264156,-0.007403031,-0.0063864365,-0.0023573553,0.0021732897,-0.0031103492,-0.0066138133,-0.0027152672,0.003488494,-0.002424255,0.00074096024,-0.0011602417,-0.0010995269,0.006923966,0.00219132,-0.0060512647,0.009016046,-0.01007776,0.007581204,-0.005857205,0.01124534,-5.941093e-05,-0.0073886663,0.009281084,-0.0014636908,0.0027253926,MFB,MFB
0.026205957,0.0010842651,0.00096166506,-0.009342872,-0.011274293,-0.01253131,-0.006204404,0.0072424216,0.016958922,-0.017769009,-0.027602762,-0.027442694,0.006663548,-0.016951978,0.01668904,-0.010561541,-0.031196766,0.0003444217,-0.016070127,-0.015788019,0.017603215,-0.02229096,0.0059775785,-0.00027519464,0.0030446798,-0.018855631,-0.03367599,0.020855643,-0.0054385895,0.0117822625,MFB,MFB
0.017051227,-0.005669986,-0.0079906285,0.009382211,-0.003981527,0.006148683,0.004903532,0.0014988706,0.0022204965,-0.0057087243,-0.008310899,-0.0147444755,0.00039371476,-0.0124510825,0.005968593,0.0028028786,-0.013215691,0.007209927,-0.008193076,0.0043512955,0.015569644,-0.015755177,-0.003401626,-0.0068454053,0.0011731461,-0.0040611774,-0.022236481,-0.0016481206,-0.0016582534,0.0064506084,PkC_ss,PkC_ss
0.01574555,-0.010587293,-0.0066022053,0.0024056956,-0.0005798526,0.0048710685,-0.0027446877,0.0032495675,-0.0006801039,-0.003917873,-0.011677101,-0.019416265,0.004369464,-0.020830981,-0.0010005236,-0.000318408,-0.013734832,0.008437313,-0.0027134567,-0.002616167,0.014135535,-0.012759723,-0.0035145134,0.00047660992,0.0035562664,-0.0056067854,-0.025491275,-0.0028951317,-0.00072165113,0.0006737299,PkC_ss,PkC_ss
0.015404053,-0.0066711977,-0.0053914897,0.010120533,-0.0020060688,0.005752338,9.128265e-05,-0.00037145615,0.0049747974,-0.007182464,-0.008346356,-0.013530448,-0.0064879656,-0.010958761,0.005211875,0.0021861196,-0.012333825,0.006768521,-0.008842304,0.01068785,0.015618444,-0.015695632,-0.0010779127,-0.00426211,0.0011683404,-0.0022337139,-0.021391958,0.0023397282,-0.00360676,0.0025333017,PkC_ss,PkC_ss
0.022285677,-0.0007917511,-0.0098347515,0.002730839,-0.0018654056,0.0057614874,0.0017946949,-0.0008892389,0.009112135,-0.008940652,-0.0118047,-0.017178714,0.00016329065,-0.008805744,0.0077498555,0.00032263994,-0.018911019,0.007842232,-0.01234436,0.001527831,0.012238654,-0.015836932,0.0027396604,-0.0011769384,-0.0004472956,-0.005693257,-0.028728396,0.00408902,-0.00023074169,0.0048590377,PkC_ss,PkC_ss
0.023482502,0.0005705198,-0.008244149,-0.0006975904,-0.0010795482,0.004153181,0.002761838,-0.0022318996,0.010498941,-0.012056991,-0.015259117,-0.018757798,0.0041626096,-0.0108560175,0.0103583485,-0.002464287,-0.022681735,0.004829064,-0.016232103,-0.0030478984,0.0091678575,-0.0196452,0.0027385056,0.0009930525,-0.000318408,-0.009902,-0.032339744,0.006272182,-0.002834591,0.0067703053,PkC_ss,PkC_ss
0.019328848,-0.0031294723,-0.009199366,0.007870056,-0.0034858175,0.0053906925,0.0028683292,0.001208453,0.0053421706,-0.006224498,-0.009223014,-0.014405951,-0.0016500875,-0.010663286,0.007054262,0.003593333,-0.0140035525,0.006680038,-0.009572312,0.004628971,0.014547059,-0.015408926,-0.0007171482,-0.005191287,-0.0007653162,-0.0025532097,-0.02378717,0.00032912195,-0.001391422,0.0069531426,PkC_ss,PkC_ss
0.019173026,-0.0046484694,-0.0085516125,0.008431755,-0.003430508,0.006395418,0.00628292,0.0010144967,0.0034479052,-0.00509353,-0.010161467,-0.014866978,0.0016601421,-0.011027485,0.0055951625,0.002950132,-0.015859075,0.008097351,-0.007933572,0.0028379932,0.015752343,-0.015067965,-0.0015201718,-0.0063512195,0.0006492883,-0.0049274564,-0.023578212,-0.0024464205,-0.00040027592,0.005887687,PkC_ss,PkC_ss
0.02643288,0.0027183492,0.00043739006,-0.009875387,-0.012385804,-0.013327805,-0.006187143,0.008754213,0.016804606,-0.017858401,-0.026880138,-0.028124135,0.007916402,-0.016849399,0.016906127,-0.011207618,-0.03229522,0.00033597648,-0.015611142,-0.01512935,0.020005621,-0.022538006,0.0055905133,-0.0015974622,0.0018554106,-0.018547446,-0.033545077,0.017573364,-0.005876054,0.0135351345,MFB,MFB
0.02230484,-0.0032110643,-0.008414056,0.0094536245,-0.0033806153,0.0061701555,0.0028611887,-0.00022923853,0.007528305,-0.008666441,-0.012322217,-0.015229501,-0.004017312,-0.008672535,0.0057202876,0.0028896406,-0.017543845,0.009123571,-0.010935128,0.005949348,0.014813624,-0.016480535,0.004114546,-0.0021196492,0.00016830862,-0.005350992,-0.027661458,0.002061367,-0.0023059798,0.005001962,PkC_ss,PkC_ss
0.0035574362,-0.00046700286,-0.0005252771,-0.010162517,-0.0071682036,-0.0045686066,-0.0099435765,0.002128337,0.0015684813,-0.007656336,-0.008758433,-0.02218306,0.011257941,-0.0065807924,-0.0049345046,-0.005333729,-0.015433267,0.00430011,-9.278953e-05,-0.015857764,0.008323412,-0.007635474,0.007595867,0.011259309,0.015014127,-0.011069208,-0.026110284,0.008058898,-0.00813716,-0.0010835938,PkC_cs,PkC_cs
0.016897917,-0.013866889,0.00044491887,0.008312173,-0.018687993,-0.0043957084,-0.0044985637,0.008829823,-0.006213978,-0.01322417,-0.033383198,-0.01879289,0.011117209,-0.024271183,0.002970472,-0.007868685,-0.01811669,-0.016431965,-0.018911451,-0.04072333,0.015923468,-0.030645482,-1.656264e-05,0.015340144,0.017057419,-0.0319428,-0.026756108,0.006891966,-0.019993484,0.008741494,PkC_cs,PkC_cs
0.0064523965,-0.014589079,-0.008659951,-0.0013578311,0.0008366518,0.0026643835,-0.0005763853,0.0038294154,-0.012125507,-0.0032553375,-0.0049005747,-0.020802245,0.022113416,-0.024122886,-0.00419648,0.00011049211,-0.007805608,-0.0022460371,0.00558801,-0.022428505,0.016502835,-0.01241754,-0.012397349,0.0015090518,0.013183214,-0.011304468,-0.020950124,-0.003030233,-0.0005134903,-0.0028327033,PkC_cs,PkC_cs
0.018238015,-0.010572484,-0.011081427,-0.004225038,0.0024653673,-0.005408181,-0.0011151982,0.005439461,-0.003892377,-0.010184914,-0.010952078,-0.021650061,0.020517502,-0.021524638,0.002691105,-0.00033530593,-0.012160845,-0.0042207055,0.0010226965,-0.022240706,0.016060814,-0.008988984,-0.0022696592,0.0016746633,0.007271059,-0.011050969,-0.02802702,0.002121441,0.0012687026,0.0035479479,PkC_cs,PkC_cs
0.017875493,-0.009122174,-0.006358646,0.0003925115,-0.005305521,-0.0018315734,0.00263727,0.00044703018,0.004902363,-0.01066342,-0.017633833,-0.022123411,0.010801736,-0.01787015,0.00687328,-0.0022274256,-0.021233901,0.0004382357,-0.0057703257,-0.015654996,0.015551903,-0.017270774,-0.0021177307,0.0043022204,0.0058967993,-0.013545245,-0.037304655,0.00076152384,-0.0056648357,0.007853009,PkC_cs,PkC_cs
0.025445811,-0.0023397587,-0.006509278,-0.014490843,0.0010349676,-0.014241703,-0.002307633,0.0026676347,0.0060340464,-0.02255325,-0.022448793,-0.025798663,0.019555531,-0.020427272,0.011614636,-0.0077786744,-0.026336603,-0.0121774785,-0.010531217,-0.027256332,0.015097561,-0.0132948905,0.0033901595,0.009925604,0.007080592,-0.023392,-0.033020698,0.009620726,-0.01025832,0.01014353,PkC_cs,PkC_cs
0.015954047,-0.01213656,-0.008737531,-0.004076168,-0.00064598024,-0.0010543074,0.005474911,0.0006923191,-0.0028166473,-0.0028883666,-0.010731988,-0.01927054,0.020065092,-0.022922553,-0.0027964562,0.0042495057,-0.016822383,-0.004664898,0.008341342,-0.018723726,0.0144765545,-0.0050529987,-0.0051028356,-0.0017932132,0.0058645085,-0.01068598,-0.022696882,-0.0084018335,0.00026698876,0.007204,PkC_cs,PkC_cs
0.00850407,-0.010801019,-0.0062276237,0.001392372,-0.0047073998,-0.002712382,-0.0022809291,0.0046928474,-0.011868447,-0.0067200065,-0.0052688792,-0.02050697,0.02241958,-0.01645483,-0.0007247254,-0.0001919344,-0.0067439675,-0.008110244,-0.002590701,-0.026447885,0.014513437,-0.014139019,-0.0013018325,0.003711179,0.018815257,-0.017844453,-0.022288717,0.006094381,-0.0060338797,-0.00032390282,PkC_cs,PkC_cs
0.022696927,-0.0029274733,-0.010826357,0.0057458505,-0.0032881238,0.005392693,0.0050929845,0.0011089123,0.0060305,-0.00733833,-0.010071486,-0.017224856,0.002589712,-0.011492588,0.0072759762,0.0035926923,-0.017203815,0.0064350665,-0.009433001,0.0018153712,0.015195279,-0.014953196,2.4721026e-05,-0.0052224174,-0.0008019805,-0.0053002983,-0.02624505,-0.0015807748,-0.00032915547,0.0087936185,PkC_ss,PkC_ss
0.029184267,-0.0032664035,-0.011294749,-0.003810577,-0.0024594665,-0.0034464952,-0.0029991055,0.0036791423,0.005212769,-0.014826387,-0.023162358,-0.025978297,0.011890342,-0.01707764,0.01293876,-0.011326075,-0.025288835,0.0027445592,-0.017768055,-0.01659286,0.01459218,-0.021413028,0.007890753,0.0060162377,0.0030836686,-0.018389411,-0.04055599,0.002779521,-0.0048068194,0.011714991,MFB,MFB
0.01208666,-0.010744828,-0.003274072,0.0100129545,0.0027175434,0.005477017,0.0014415085,-0.0019244598,0.0003273487,6.4611435e-05,-0.005315356,-0.010224178,-0.0046174824,-0.012598567,0.0009116307,0.004185088,-0.0070986003,0.009785328,-0.0020715892,0.010215215,0.013984046,-0.007507086,-0.0017742328,-0.006244244,0.0015216619,0.0005902797,-0.015968204,-0.0018052086,0.0024675755,-0.0022155792,PkC_ss,PkC_ss
0.023932636,-0.0030862496,-0.009989042,0.0057938397,-0.0033826418,0.0056251045,0.002941168,-0.00043969415,0.009381741,-0.009230673,-0.014228821,-0.01759436,-0.0018206537,-0.010445461,0.008487433,0.0011599883,-0.020042703,0.008395549,-0.011912763,0.002809979,0.014711474,-0.016863525,0.0033108257,-0.0017688461,0.00011713058,-0.00695239,-0.0309795,0.003768906,-0.0017297193,0.0063037686,PkC_ss,PkC_ss
0.011835292,-0.008579773,-0.003832765,0.0020414293,0.0016593859,0.0023063142,-0.0024282988,0.0019313525,0.003209725,-0.0037528872,-0.0030937567,-0.015550539,-0.0012407191,-0.012363061,-0.000280343,0.0025204048,-0.005455114,0.007416483,-0.00043176115,0.0031589195,0.0077509712,-0.0067657977,-0.0007531382,-0.0011313725,-0.00019469112,0.0029286146,-0.015812919,0.002907209,0.004203516,0.00016151369,PkC_ss,PkC_ss
0.011157252,-0.0072791427,-0.0026233047,0.0029348806,0.0006102845,-0.0008375384,-0.0016836748,0.0022749226,0.00407888,-0.005408615,-0.0027229562,-0.014150947,-0.00238394,-0.008878119,0.0019745082,0.004415445,-0.0040809736,0.004526902,-0.0011821687,0.0034753457,0.0053008087,-0.005166158,0.0013771616,-0.0007733572,-0.00027448684,0.0031519532,-0.015678018,0.006960556,0.0030724881,0.0018621795,PkC_ss,PkC_ss
0.018434785,-0.0029166066,-0.009484414,-0.004223019,-0.0017457977,0.0012699477,0.0025931085,-0.00045591313,0.0035580099,-0.01113379,-0.013197765,-0.022138417,0.017098226,-0.017331265,0.0049457327,-0.0021067932,-0.022466056,1.4126301e-05,-0.008390173,-0.018628605,0.0112681715,-0.016439758,-0.0029454455,0.0054341257,0.00636971,-0.013332546,-0.035170868,-0.002711758,-0.005637708,0.008756496,PkC_cs,PkC_cs
0.013542913,-0.011705139,-0.00659626,0.001757212,0.001438845,0.0021302588,0.0015286179,0.0010236809,-0.000870198,-0.004251972,-0.012938812,-0.017687738,0.010794209,-0.022314891,-0.00068871677,0.0025719702,-0.015702285,0.0021533705,0.0014493465,-0.010275155,0.015567136,-0.010022968,-0.005006321,0.0022060312,0.007574521,-0.009696424,-0.027273595,-0.0041519776,-0.004120861,0.0015882142,PkC_cs,PkC_cs
0.0014220551,-0.015744427,-0.0055375732,0.004083678,0.0040046684,0.0009651482,0.0025620647,-0.0016952315,-5.1409006e-06,0.0041505694,-0.006488219,-0.013784975,0.0052947663,-0.02088818,-0.0030366331,0.002184637,-0.005589068,0.003674414,0.0063889176,-0.0066214353,0.0062935445,-0.0028643534,-0.004576534,0.0038530938,0.005892396,-9.414554e-05,-0.022566289,-0.0044564456,-0.0029716166,0.00092503056,PkC_cs,PkC_cs
0.0044898614,-0.005743834,-0.0062479414,-0.001063332,-0.0049242526,-0.0040792814,-0.005070325,0.00645265,-0.010110527,0.0007074028,-0.0016719401,-0.016000114,0.008269707,-0.01012291,-0.004270658,0.0039014742,-0.005422391,2.5998801e-05,0.0042217076,-0.01035469,0.0039282013,-8.0123544e-05,-0.0005563423,0.005642142,0.0065444633,-0.004221216,-0.016877979,-0.0011355355,-0.0038806954,0.0024410486,PkC_cs,PkC_cs
0.004794359,-0.004685024,-0.0031710975,0.00018893927,-0.002365321,-0.005657889,-0.004433917,0.006456341,-0.0074240863,-0.0025251806,-0.004713781,-0.014206618,0.011476567,-0.0080755055,-0.003809385,0.0035090148,-0.0081969425,-0.001394365,0.0006377101,-0.015018165,0.002266448,-0.0044531524,0.0018409193,0.006607501,0.0075426623,-0.0041320324,-0.020093828,-0.0015203655,-0.00478522,0.00385971,PkC_cs,PkC_cs
0.010149725,-0.006648221,-0.0041109584,0.0024885759,0.004119195,-0.0016893791,-0.0020782333,0.000470154,0.007022202,-0.0035286993,-0.004032418,-0.014746062,-0.00010895543,-0.01220908,0.0017169565,0.004861206,-0.006325379,0.0014939047,-0.0014282167,4.23193e-06,0.0002895724,-0.0027114674,0.004051786,0.0058903266,0.0007754415,0.0041007996,-0.022235468,0.0013465285,-0.0019298969,0.0057459995,MLI,MLI
0.012454785,-0.0046926904,-0.001416076,0.0043021664,-0.0021567456,-0.0035506627,-0.0044371095,0.0048023127,0.004911065,-0.008188233,-0.0032963008,-0.013252713,-0.005947195,-0.0057092384,0.004663706,0.004706636,-0.004082486,0.0028351694,-0.0065420717,0.0039123297,0.0020972341,-0.007837787,0.0031744614,-0.00056570023,-0.0014530867,0.004168242,-0.0155338645,0.012702078,0.0011446262,0.0038984045,PkC_ss,PkC_ss
0.010762222,-0.0100500565,-0.002245389,0.009587079,0.005148515,0.0067180414,-0.002353969,-0.0031732498,0.0038881153,-0.0019678622,-0.0026239008,-0.010558121,-0.010379691,-0.0077875853,-0.0025707483,0.0034765229,-0.0064442307,0.011225365,-0.0015461892,0.01611986,0.01019676,-0.0064048097,0.0016793311,-0.0013350658,1.616031e-05,0.0046442,-0.014396161,0.0003741905,0.0024156366,-0.0065318346,MLI,MLI
0.009531796,-0.010348558,-0.002048675,0.009190589,0.0059415326,0.00698442,-0.0024086805,-0.003215367,0.0041246563,-0.0017634183,-0.0008511692,-0.01095143,-0.008974504,-0.007797435,-0.003672652,0.003943704,-0.0056617334,0.011780303,-0.000104129314,0.015914276,0.009716541,-0.005780764,0.00067994,-0.0019548777,0.00036254525,0.0060986876,-0.0142124,-5.4746866e-05,0.0038972022,-0.0073009506,MLI,MLI
0.023183495,0.0006879119,-0.0026012212,-0.0018544123,-0.0077313,-0.002923062,-0.0021569263,0.0009377976,0.019397587,-0.021539614,-0.018164277,-0.025972158,-0.0011272468,-0.012058124,0.012778126,-0.008364551,-0.02911821,0.0036902055,-0.024062723,-0.0054813996,0.0030847248,-0.025688231,0.0024123304,0.0035399087,0.0010353848,-0.014366403,-0.03235279,0.024411634,-0.007125127,0.008641258,MLI,MLI
0.0104448795,-0.0058599864,-0.003206458,0.0045098364,0.0032884628,-0.0018052934,-0.003110893,0.0015870901,0.0075472593,-0.0045155734,-0.0023944676,-0.012003005,-0.005517412,-0.008647718,0.0035669804,0.005297005,-0.0038935766,0.0010888651,-0.005319223,0.0046706796,-0.00043140538,-0.0029753298,0.004661314,0.0045763515,-0.0017558038,0.0053682774,-0.018391818,0.006484464,-0.0013688253,0.004104249,MLI,MLI
0.009368397,-0.009808152,-0.0020289458,0.007013276,0.0015110262,0.0015700068,0.00052430574,-0.0015544854,0.004053682,-0.0012852103,-0.0019387454,-0.011793047,-0.005875934,-0.009932131,0.0015338883,0.005882375,-0.0032305643,0.008012906,0.0014792979,0.00901179,0.00881931,-0.0034177005,0.00012892485,-0.0034604203,0.0007276535,0.004854575,-0.016089723,0.0036391392,0.0033926275,-0.00065528974,PkC_ss,PkC_ss
0.024615653,0.0010522709,-0.008916222,-0.0056328997,-0.0007191412,0.003541762,0.0036067618,-0.0020848075,0.010576069,-0.012780115,-0.01572615,-0.021298967,0.007952224,-0.012801021,0.013713621,-0.00624121,-0.024528168,0.001722429,-0.019285053,-0.00717178,0.006988693,-0.020984247,-8.557364e-05,0.0012997016,-0.001858823,-0.012010261,-0.032288037,0.0071447864,-0.0023518456,0.008614413,PkC_ss,PkC_ss
0.015083678,-0.009106139,-0.0048100427,0.010254487,0.0001681149,0.004859403,0.0011043902,-0.0001404509,0.0018587857,-0.0038060695,-0.0083365515,-0.012365557,-0.005290441,-0.013255201,0.0047406703,0.0035468042,-0.009922408,0.007907368,-0.005768642,0.010106906,0.015785761,-0.012354188,-0.0025478862,-0.0061493013,0.0014590919,-0.00095278025,-0.019526437,0.0009798259,-0.0011317609,0.0005560629,PkC_ss,PkC_ss
0.012339376,-0.010540174,-0.0017813295,0.00907366,0.0010510646,0.0032434482,-0.001234984,-8.076988e-05,0.0030895025,-0.0017219931,-0.008130938,-0.010990605,-0.007913407,-0.013067074,0.0025113523,0.0033747777,-0.007123381,0.0076981224,-0.0022934228,0.010382846,0.0132753495,-0.008633964,9.086728e-05,-0.0035925098,0.00090131164,0.00089882314,-0.016709045,0.00279513,-0.00010412093,-0.0016872659,PkC_ss,PkC_ss
0.020896733,-0.0030650971,-0.008913454,0.009657353,-0.004190851,0.006402066,0.0034826305,0.0017668959,0.0053274482,-0.00691694,-0.010688648,-0.014515549,-0.0016168058,-0.010664076,0.0072050467,0.0028869733,-0.016019464,0.007886302,-0.011604369,0.00514213,0.015702449,-0.016908757,0.0005063489,-0.0052010007,-0.00025827438,-0.0049423575,-0.02552154,-0.0002193749,-0.0021451702,0.0069113597,PkC_ss,PkC_ss
0.022087157,-0.00042308867,-0.009173274,0.003008157,-0.002353374,0.0056158267,0.0029377472,-0.00091949105,0.009371877,-0.008474112,-0.0119937435,-0.016297862,-4.6888366e-05,-0.008626647,0.008347355,0.00060012937,-0.019049518,0.0068449005,-0.012856513,0.0017307177,0.012224997,-0.01576551,0.003020782,-0.001535425,-0.0007981807,-0.0060254633,-0.027715027,0.0034285188,-0.0012991214,0.0059220344,PkC_ss,PkC_ss
0.024053238,0.00018077716,-0.0024204925,-0.0045717806,-0.007522162,-0.0045566596,-0.002294764,0.0019194013,0.01738809,-0.021103352,-0.018880196,-0.027013421,0.001745183,-0.013819471,0.013461262,-0.0079061985,-0.03020569,0.0029474124,-0.021465003,-0.0073601976,0.005813258,-0.024492174,0.00074221194,0.0012790989,0.001309827,-0.015422791,-0.031263106,0.023879886,-0.0058957515,0.008409981,PkC_ss,PkC_ss
0.022268303,0.0004670287,-0.009793092,-0.0038401783,0.0008207895,0.0046560857,0.004933874,-0.0027010012,0.008239582,-0.009241611,-0.012799144,-0.019576915,0.008918833,-0.012636721,0.009935051,-0.002230689,-0.022131741,0.005080741,-0.014727935,-0.006853275,0.007821146,-0.016934179,-0.0006208047,-1.3826415e-05,-0.0007145032,-0.009303167,-0.03102073,0.00421723,-0.00030443817,0.007087402,PkC_ss,PkC_ss
0.02433151,0.0021881491,-0.0088117495,-0.010594934,-0.0031989627,0.0031157006,0.0040334547,0.002047162,0.009183094,-0.012150809,-0.017306603,-0.024313211,0.016393833,-0.015598483,0.010927163,-0.0096566975,-0.027343906,0.00021695718,-0.019220695,-0.01743804,0.005516451,-0.02149178,-0.0015125237,0.0030641835,-0.0017591715,-0.01445061,-0.03158261,0.00306011,-0.002214768,0.011271652,PkC_ss,PkC_ss
0.007728383,-0.009927729,-0.009461477,-0.003824614,0.0010817796,-0.0032041082,-0.001509076,0.0034521697,-0.0034841746,-0.0030495822,-0.002998896,-0.020099275,0.013003321,-0.019466005,-0.0041483417,-0.00020231307,-0.0060989633,0.0027811304,0.0057459325,-0.0120611265,0.00566002,-0.0018519908,0.00035811588,0.0063031465,0.0042322725,-0.0042668134,-0.025611661,-0.0016434267,-0.0016392795,0.0038336888,PkC_cs,PkC_cs
0.018368542,-0.010331904,-0.009216279,0.002532199,5.237758e-05,0.00204508,0.0008931933,0.002732954,0.0007889718,-0.006596923,-0.014429085,-0.021061651,0.009377573,-0.022081785,0.0013258383,0.0025113896,-0.018294953,0.0059137493,-0.00050731003,-0.009659842,0.016994648,-0.0126568,-0.0035198182,0.0022373255,0.0056495443,-0.008981213,-0.032696,-0.003204435,-0.0029061614,0.004371442,PkC_cs,PkC_cs
0.017369404,-0.008573843,-0.0092875995,0.00049588084,-0.00082383305,0.0033380724,0.00087718107,0.0005609086,0.0032331645,-0.0069716275,-0.013039611,-0.021747664,0.00926601,-0.020229638,0.00012974441,0.0014828742,-0.019112878,0.004286226,-0.0014232695,-0.009213179,0.014026164,-0.012173891,-0.0023188703,0.004963262,0.0052719936,-0.008907601,-0.03277521,-0.0040535703,-0.004537874,0.0051120594,PkC_cs,PkC_cs
0.01606045,-0.009251642,-0.007889431,0.003640592,0.00037715212,0.0030563604,0.0014731903,0.0027334178,0.0009251088,-0.0043691993,-0.013033725,-0.018239312,0.008130582,-0.021910198,0.001387246,0.0020319596,-0.015955247,0.0048630163,-0.0032689571,-0.008929811,0.014144805,-0.011389382,-0.0027471483,0.0029967278,0.0053663924,-0.008133307,-0.029295824,-0.0049787313,-0.0047159744,0.005103603,PkC_cs,PkC_cs
-0.002796933,-0.004929103,-0.006056335,-0.0052894875,-0.0041465797,-0.0033386443,-0.0021812115,0.003255541,-0.014161155,0.004248053,-0.006440401,-0.0146346465,0.01903709,-0.014409654,-0.002895318,-0.0056375936,-0.0046397224,0.00064813346,0.005910039,-0.020461664,0.015598365,-0.006253049,-0.004063312,0.0049804673,0.014392421,-0.009910017,-0.019659713,-0.006364353,-0.00809138,-4.861504e-05,PkC_cs,PkC_cs
-0.002517216,-0.0051711053,-0.0048646703,-0.0053337812,-0.007165797,-0.0033995453,-0.002772618,0.0020385832,-0.0077801496,0.0019704849,-0.0041704625,-0.018036492,0.013610151,-0.010120124,-0.0067053437,-0.00077821314,-0.0045279786,-0.0018136986,0.009024546,-0.01382339,0.0059772283,-0.0053313076,0.00014919415,0.005695397,0.011823021,-0.0049459636,-0.017008886,0.0024732873,-0.007770329,0.001461897,PkC_cs,PkC_cs
0.004698336,-0.006588161,-0.0060774423,-0.0047724247,-0.0016329661,-0.0051919725,-0.0008255318,0.00075746514,0.00033168495,-0.0019337833,-0.0009390712,-0.018840633,0.011737941,-0.01303383,-0.005007915,0.0028324947,-0.0042738467,-0.00062128156,0.008457974,-0.011869594,-0.00038240477,-0.00014387816,0.0036220625,0.0057106055,0.0048897117,0.00042019784,-0.020939738,0.0003979951,-0.0014282232,0.007841859,PkC_cs,PkC_cs
0.008692123,-0.0050748037,-0.0041216314,-0.00084824115,-0.0017191842,-0.005604566,-0.0034449883,0.0029873946,0.005287409,-0.0070604086,-0.005600199,-0.018834993,0.008091589,-0.012271777,-0.0015820637,0.004673004,-0.008083776,-0.0030269325,0.000871554,-0.009955801,-0.0010758005,-0.0036234632,0.0066144913,0.010390884,0.0053284913,-0.0018846095,-0.027448773,0.00083387643,-0.0065545393,0.010026097,PkC_cs,PkC_cs
0.0057948157,-0.007266594,-0.003941834,-0.0016782954,-0.00504202,-0.0051165055,-0.002770679,0.006031761,-0.0039361864,-0.00228934,-0.005522907,-0.015348397,0.009618424,-0.011408702,-0.0037013963,0.0042557716,-0.0070074573,-0.0032437146,0.0022527426,-0.01358512,-0.00036734156,-0.0020771548,0.00049187243,0.006606145,0.004538767,-0.005212456,-0.019588917,0.002262026,-0.0034390008,0.004442498,PkC_cs,PkC_cs
0.022384211,-0.0018775904,-0.010557439,0.001516968,-0.0017625093,0.0045854077,0.005158623,7.0434995e-05,0.0074921697,-0.008174613,-0.012246713,-0.018938646,0.006614808,-0.012329131,0.009275436,0.0013036132,-0.019513935,0.0068413466,-0.00995934,-0.0027750134,0.013625252,-0.015167259,-0.00048334524,-0.0036386307,0.0010124967,-0.0071383417,-0.030827135,0.0014622658,0.00055366755,0.007214036,PkC_ss,PkC_ss
0.012794502,-0.011032401,-0.003328424,0.008313827,0.000987675,0.0039440356,0.00083757006,-0.0007951185,0.0026764423,-0.0019370466,-0.008535109,-0.012794726,-0.004707847,-0.014748886,0.0031488165,0.0031356737,-0.008544713,0.00787501,-0.0017141551,0.009070225,0.014696399,-0.009165108,-0.0017265938,-0.004511621,0.002073221,-0.001004383,-0.01911673,0.00088478625,-8.375663e-05,-0.00066211075,PkC_ss,PkC_ss
0.020819731,-0.0014947881,-0.009353895,-0.0068075955,-0.001966741,0.0011187308,0.0035030628,-0.0022730296,0.008507356,-0.011918426,-0.016204543,-0.02257616,0.014175605,-0.015669413,0.008154742,-0.0057613775,-0.024087697,-0.0012465939,-0.0126313865,-0.016453512,0.0068042446,-0.017621756,9.201467e-06,0.006703656,0.0021909624,-0.014504299,-0.034732066,-0.00059475005,-0.005404887,0.010870729,PkC_cs,PkC_cs
0.013094634,-0.009821072,-0.0060734637,0.004826896,-0.0005681366,0.004757382,0.0032537756,-0.00015871134,0.0010458678,-0.0030792058,-0.011241406,-0.016635768,0.0060273465,-0.02149415,0.0007863492,0.0020050555,-0.01508718,0.0044191815,-0.003377527,-0.0051602647,0.013085549,-0.010846168,-0.003021147,0.0031114016,0.0059388503,-0.00924325,-0.027639642,-0.0063438863,-0.007291329,0.0050494783,PkC_cs,PkC_cs
0.008738816,-0.009324736,-0.0019181967,0.007999718,0.0038965903,0.001985928,0.00074443966,-0.0027156798,0.008088753,-0.0009109676,-0.0027873144,-0.011672869,-0.007088892,-0.011258498,0.0015964881,0.0066524222,-0.0048777387,0.0069953203,0.0011720657,0.011023842,0.0065127853,-0.002112873,0.0027325936,0.0005703103,0.00073937327,0.0051590353,-0.01962991,0.001989156,-0.00026536454,0.0010598376,MLI,MLI
0.011270404,-0.005894401,-0.00017945096,0.0041658506,0.001417499,-0.00070990995,-0.00096144807,-0.0008453056,0.010426998,-0.0063069463,-0.0032747015,-0.012754768,-0.006102465,-0.008509725,0.0036232695,0.0064285696,-0.0058025867,0.0018556155,-0.002665937,0.007138036,0.0019784588,-0.0051935613,0.0047680736,0.0017510634,-0.00050308555,0.0035346448,-0.017797932,0.0082224235,-0.00079840794,0.004505202,MLI,MLI
0.019863963,-0.003969725,-0.008231554,0.0105920285,-0.004047744,0.005954979,0.003900434,0.00179464,0.0040665865,-0.0065002143,-0.010617845,-0.013534151,-0.0027163327,-0.010703936,0.0074778944,0.0024776831,-0.014902912,0.0069370456,-0.012047827,0.0057820827,0.015016111,-0.016963243,0.00035052374,-0.0051898733,-0.00030513853,-0.0048621893,-0.023559049,-0.00021418184,-0.003374652,0.006812904,PkC_ss,PkC_ss
0.011264399,-0.0061472924,-0.0042101443,0.0014501736,0.0002073124,-0.0041433834,-0.002621659,0.0046275817,0.0023765415,-0.003191337,-0.0059693456,-0.014762022,0.0061524846,-0.013233468,0.0013233498,0.0046182275,-0.006666869,0.0011539422,-0.00042933226,-0.0062443316,0.003450403,-0.0033065602,0.004827954,0.0029383916,0.0029557422,-0.0007098168,-0.02317223,0.00026889145,-0.0011078166,0.007681489,PkC_cs,PkC_cs
