session_id,unit_id,subject,cell_type,n_spikes,firing_rate
BH549_1500_200_67_5,0,BH549,Inhibitory,6164,4.897792721638717
BH549_1500_200_67_5,1,BH549,Inhibitory,4177,3.318961745341486
BH549_1500_200_67_5,2,BH549,Inhibitory,5714,4.540231604711815
BH549_1500_200_67_5,3,BH549,Inhibitory,1240,0.9852795221985738
BH549_1500_200_67_5,4,BH549,Inhibitory,2427,1.928446290625757
BH549_1500_200_67_5,5,BH549,Inhibitory,4657,3.7003602700635145
BH549_1500_200_67_7,0,BH549,Inhibitory,5338,4.218490359742085
BH549_1500_200_67_7,1,BH549,Inhibitory,8812,6.963907278015596
BH549_1500_200_67_7,2,BH549,Inhibitory,3838,3.0330771825946274
BH549_1500_200_67_7,3,BH549,Excitatory,3961,3.130281063120719
BH549_1500_200_67_7,4,BH549,Inhibitory,3679,2.907423385816997
BH549_1500_200_67_7,5,BH549,Inhibitory,6327,5.000072781207975
BH549_1500_200_67_7,6,BH549,Inhibitory,10649,8.415643282295516
BH549_1500_200_67_7,7,BH549,Excitatory,14331,11.325437494466808
BH549_1500_200_67_7,8,BH549,Excitatory,5082,4.016179844175586
BH549_3000_200_67_5,0,BH549,Inhibitory,5041,3.8288325105230347
BH549_3000_200_67_5,1,BH549,Inhibitory,6668,5.0646013053298145
BH549_1500_4_67_7,0,BH549,Inhibitory,5007,3.964415923092001
BH549_1500_4_67_7,1,BH549,Inhibitory,8934,7.073715170142587
BH549_1500_4_67_7,2,BH549,Inhibitory,6090,4.82190792323353
BH549_1500_4_67_7,3,BH549,Inhibitory,9000,7.1259723003451185
BH549_1500_4_67_7,4,BH549,Inhibitory,11655,9.228134128946929
BH549_1500_4_67_7,5,BH549,Inhibitory,9566,7.574116780566822
BH549_1500_4_67_7,6,BH549,Inhibitory,10503,8.316009674502753
BH549_1500_4_67_7,7,BH549,Inhibitory,9049,7.164769260646997
BH549_1500_4_67_7,8,BH549,Inhibitory,9917,7.852029700280282
BH549_1500_4_67_7,9,BH549,Inhibitory,8158,6.45929800291283
BH549_1500_4_67_7,10,BH549,Inhibitory,12749,10.09433565078888
BH549_1500_4_67_7,11,BH549,Inhibitory,8102,6.414958619710683
BH549_1500_4_67_7,12,BH549,Inhibitory,13223,10.469636858607055
BH549_1500_4_67_7,13,BH549,Inhibitory,6398,5.06577453084534
BH549_1500_4_67_7,14,BH549,Inhibitory,11010,8.717439447422194
BH549_1500_4_67_7,15,BH549,Inhibitory,6993,5.536880477368157
BH549_1500_4_67_7,16,BH549,Inhibitory,7321,5.796582578980734
BH549_1500_4_67_7,17,BH549,Inhibitory,10249,8.114898900693014
BH549_1500_4_67_7,18,BH549,Inhibitory,10079,7.980297201686494
BH549_1500_4_67_7,19,BH549,Inhibitory,9384,7.430013785159844
BH549_1500_4_67_7,20,BH549,Inhibitory,9303,7.365880034456737
BH549_1500_4_67_7,21,BH549,Inhibitory,5299,4.195614135503198
BH549_1500_4_67_7,22,BH549,Excitatory,6508,5.152869747849559
BH549_1500_4_67_7,23,BH549,Inhibitory,7260,5.748284322278395
BH549_1500_4_67_7,24,BH549,Excitatory,7777,6.157631842198221
BH549_1500_4_67_7,25,BH549,Excitatory,8099,6.412583295610568
BH549_1500_4_67_7,26,BH549,Excitatory,8451,6.691287990024066
BH549_1500_4_67_7,27,BH549,Excitatory,7692,6.090330992694961
BH549_1500_4_67_7,28,BH549,Inhibitory,9515,7.533736270864867
BH549_1500_4_67_7,29,BH549,Excitatory,15036,11.905124389776578
BH549_1500_4_67_7,30,BH549,Inhibitory,11054,8.752277534223882
BH549_1500_4_67_7,31,BH549,Excitatory,10224,8.095104533192055
BH549_1500_4_67_7,32,BH549,Inhibitory,4080,3.2304407761564535
BH549_1500_4_67_7,33,BH549,Excitatory,13158,10.418171503104563
BH549_1500_4_67_7,34,BH549,Inhibitory,6284,4.975512215040969
BH549_1500_4_67_7,35,BH549,Inhibitory,358,0.283455342613728
BH549_1500_4_67_7,36,BH549,Inhibitory,8850,7.007206095339366
BH549_1500_4_67_7,37,BH549,Excitatory,12895,10.209934756994478
BH549_1500_4_67_7,38,BH549,Excitatory,12247,9.69686475136963
BH549_1500_4_67_7,39,BH549,Inhibitory,6967,5.51629433516716
BH549_1500_4_67_7,40,BH549,Inhibitory,7252,5.741950124678088
BH549_1500_4_67_7,41,BH549,Excitatory,9895,7.8346106568794385
BH549_1500_4_67_7,42,BH549,Excitatory,6739,5.335769703558417
BH549_1500_4_67_7,43,BH549,Excitatory,7132,5.646937160673487
BH549_1500_4_67_7,44,BH549,Excitatory,10074,7.976338328186302
BH549_1500_4_67_7,45,BH549,Excitatory,10114,8.008009316187836
BH549_1500_4_67_7,46,BH549,Excitatory,11066,8.761778830624342
BH549_1500_4_67_7,47,BH549,Excitatory,10698,8.47040574101023
BH549_1500_4_67_7,48,BH549,Excitatory,10854,8.593922594216213
BH549_1500_4_67_7,49,BH549,Excitatory,10849,8.589963720716021
BH549_1500_4_67_7,50,BH549,Excitatory,8054,6.3769534341088425
BH549_1500_4_67_7,51,BH549,Excitatory,8210,6.500470287314824
BH549_1500_4_67_7,52,BH549,Excitatory,11389,9.017522058736727
BH549_1500_4_67_7,53,BH549,Excitatory,11199,8.867084865729442
BH549_1500_600_67_7,0,BH549,Inhibitory,5992,4.770615147519231
BH549_1500_600_67_7,1,BH549,Excitatory,9055,7.209265714416996
BH549_1500_600_67_7,2,BH549,Inhibitory,19815,15.77599117958838
BH549_1500_600_67_7,3,BH549,Inhibitory,8825,7.026147976778574
BH549_1500_600_67_7,4,BH549,Inhibitory,8997,7.163088197969046
BH549_1500_600_67_7,5,BH549,Inhibitory,8468,6.741917401400676
BH549_1500_600_67_7,6,BH549,Inhibitory,5810,4.625713285561871
BH549_1500_600_67_7,7,BH549,Inhibitory,6268,4.990356432685338
BH549_1500_600_67_7,8,BH549,Inhibitory,7330,5.835882682128832
BH549_1500_600_67_7,9,BH549,Inhibitory,10236,8.149535488986457
BH549_1500_600_67_7,10,BH549,Inhibitory,9666,7.695721965273846
BH549_1500_600_67_7,11,BH549,Inhibitory,9002,7.16706901835249
BH549_1500_600_67_7,12,BH549,Inhibitory,8155,6.492718045397084
BH549_300_200_67_5,0,BH549,Inhibitory,8986,6.890791203982086
BH549_300_200_67_5,1,BH549,Inhibitory,10163,7.79335755687402
BH549_300_200_67_5,2,BH549,Inhibitory,7469,5.727500501061897
BH549_300_200_67_5,3,BH549,Inhibitory,7980,6.119353862427894
BH549_300_200_67_5,4,BH549,Inhibitory,6669,5.114031442171883
BH549_300_200_67_5,5,BH549,Inhibitory,9649,7.399203686537186
BH549_300_200_67_7,0,BH549,Inhibitory,7022,5.6038914347603015
BH549_300_200_67_7,1,BH549,Inhibitory,9522,7.599010857560182
BH549_300_200_67_7,2,BH549,Inhibitory,5994,4.783498328104991
BH549_300_200_67_7,3,BH549,Inhibitory,8097,6.46179278656425
BH549_300_200_67_7,4,BH549,Inhibitory,9001,7.183227969848686
BH549_300_200_67_7,5,BH549,Inhibitory,6820,5.442685785398072
BH549_300_200_67_7,6,BH549,Inhibitory,6270,5.003759512382098
BH549_300_200_67_7,7,BH549,Inhibitory,6602,5.268711371729922
BH549_300_200_67_7,8,BH549,Inhibitory,9843,7.855184191447686
BH549_300_200_67_7,9,BH549,Inhibitory,15286,12.198958198767583
BH549_300_200_67_7,10,BH549,Inhibitory,9271,7.3987008675110735
BH549_300_200_67_7,11,BH549,Inhibitory,15050,12.010618925255276
BH549_300_200_67_7,12,BH549,Inhibitory,5736,4.577602003672044
BH549_300_200_67_7,13,BH549,Inhibitory,8133,6.490522506252568
BH549_30_200_67_5,0,BH549,Inhibitory,7338,5.844239804702666
BH549_30_200_67_5,1,BH549,Inhibitory,4506,3.588735971653068
BH549_30_200_67_5,2,BH549,Inhibitory,6218,4.952232639089831
BH549_30_200_67_5,3,BH549,Inhibitory,7333,5.840257629856181
BH549_30_200_67_5,4,BH549,Inhibitory,8718,6.943320062332767
BH549_4500_200_67_7,0,BH549,Inhibitory,8364,6.708014476949276
BH549_4500_200_67_7,1,BH549,Inhibitory,5010,4.018071799320405
BH549_4500_200_67_7,2,BH549,Excitatory,5876,4.712612753055231
BH549_4500_200_67_7,3,BH549,Inhibitory,9509,7.626316315316914
BH549_4500_200_67_7,4,BH549,Excitatory,6738,5.403945665433312
BH549_4500_200_67_7,5,BH549,Inhibitory,4020,3.224081563526553
BH549_4500_200_67_7,6,BH549,Inhibitory,572,0.45874991401422593
BH549_4500_200_67_7,7,BH549,Inhibitory,4183,3.3548092488138237
BH549_4500_200_67_7,8,BH549,Inhibitory,7094,5.689461346183425
BH549_4500_200_67_7,9,BH549,Inhibitory,6574,5.272415969806856
BH549_4500_200_67_7,10,BH549,Inhibitory,6797,5.4512642754452685
BH549_4500_200_67_7,11,BH549,Inhibitory,6769,5.428807985948069
BH549_4500_200_67_7,12,BH549,Inhibitory,6789,5.444848192731783
BH549_1500_40_67_7,0,BH549,Inhibitory,8527,6.828434374347468
BH549_1500_40_67_7,1,BH549,Inhibitory,2495,1.9979997377737695
BH549_1500_40_67_7,2,BH549,Inhibitory,8305,6.650656441767999
BH549_1500_40_67_7,3,BH549,Inhibitory,4803,3.8462495954017695
BH549_1500_40_67_7,4,BH549,Inhibitory,3670,2.9389414980479898
BH549_1500_40_67_7,5,BH549,Inhibitory,6574,5.2644690485469985
BH549_1500_40_67_7,6,BH549,Inhibitory,5938,4.755159295751761
BH549_1500_40_67_7,7,BH549,Inhibitory,6024,4.824028224588853
BH549_1500_40_67_7,8,BH549,Inhibitory,7450,5.965971160887609
BH549_4500_200_67_5,0,BH549,Inhibitory,6287,5.026686386514976
BH549_4500_200_67_5,1,BH549,Inhibitory,3510,2.8063733444675627
BH549_4500_200_67_5,2,BH549,Inhibitory,8415,6.728100197633772
